timestamp,label,cpu_pct,mem_pct,disk_root_pct,load1,pg_connections
2026-09-28 01:22:57,worker,3.8,37.7,31,0.09,
2026-09-28 01:23:02,worker,7.4,37.7,31,0.08,
2026-09-28 01:23:07,worker,20.0,37.9,31,0.08,
2026-09-28 01:23:12,worker,22.3,37.9,31,0.15,
2026-09-28 01:23:17,worker,8.0,38.0,31,0.14,
2026-09-28 01:23:22,worker,4.4,38.2,31,0.13,
2026-09-28 01:23:27,worker,4.7,36.7,31,0.12,
2026-09-28 01:23:32,worker,10.9,37.4,31,0.11,
2026-09-28 01:23:37,worker,13.7,37.8,31,0.66,
2026-09-28 01:23:42,worker,13.5,38.3,31,0.61,
2026-09-28 01:23:47,worker,13.4,39.0,31,0.56,
2026-09-28 01:23:52,worker,11.2,38.5,31,0.59,
2026-09-28 01:23:57,worker,3.4,37.9,31,0.54,
2026-09-28 01:24:02,worker,18.4,37.2,31,0.50,
2026-09-28 01:24:07,worker,16.3,37.3,31,0.46,
2026-09-28 01:24:12,worker,14.2,38.4,31,0.42,
2026-09-28 01:24:17,worker,12.2,38.6,31,0.39,
2026-09-28 01:24:22,worker,15.3,37.9,31,0.36,
2026-09-28 01:24:27,worker,14.7,38.5,31,0.33,
2026-09-28 01:24:32,worker,13.1,38.5,31,0.30,
2026-09-28 01:24:37,worker,15.3,37.4,31,0.28,
2026-09-28 01:24:42,worker,16.3,38.7,31,0.34,
2026-09-28 01:24:47,worker,15.1,39.0,31,0.31,
2026-09-28 01:24:52,worker,10.1,37.6,31,0.28,
2026-09-28 01:24:57,worker,26.8,37.3,31,0.34,
2026-09-28 01:25:02,worker,20.3,38.7,31,0.39,
2026-09-28 01:25:07,worker,19.2,38.0,31,0.36,
2026-09-28 01:25:13,worker,22.4,37.4,31,0.65,
2026-09-28 01:25:18,worker,24.5,37.2,31,0.60,
2026-09-28 01:25:23,worker,23.5,38.5,31,0.55,
2026-09-28 01:25:28,worker,22.1,37.2,31,0.51,
2026-09-28 01:25:33,worker,27.0,38.5,31,0.79,
2026-09-28 01:25:38,worker,25.9,38.6,31,0.72,
2026-09-28 01:25:43,worker,25.0,37.2,31,0.67,
2026-09-28 01:25:48,worker,26.9,38.9,31,0.61,
2026-09-28 01:25:53,worker,25.8,39.5,31,0.56,
2026-09-28 01:25:58,worker,21.3,37.6,31,1.08,
2026-09-28 01:26:03,worker,37.8,39.0,31,1.15,
2026-09-28 01:26:08,worker,32.3,39.5,31,1.30,
2026-09-28 01:26:13,worker,29.9,39.5,31,1.20,
2026-09-28 01:26:18,worker,33.5,37.7,31,1.50,
2026-09-28 01:26:23,worker,35.4,37.6,31,1.94,
2026-09-28 01:26:28,worker,32.7,39.2,31,1.79,
2026-09-28 01:26:33,worker,36.6,37.7,31,1.64,
2026-09-28 01:26:38,worker,38.3,39.5,31,1.51,
2026-09-28 01:26:43,worker,36.9,39.5,31,1.39,
2026-09-28 01:26:48,worker,40.4,37.6,31,1.36,
2026-09-28 01:26:53,worker,45.8,37.6,31,1.65,
2026-09-28 01:26:58,worker,44.8,38.9,31,1.92,
2026-09-28 01:27:03,worker,46.5,39.0,31,1.93,
2026-09-28 01:27:08,worker,49.0,39.6,31,2.33,
2026-09-28 01:27:13,worker,50.4,40.0,31,2.15,
2026-09-28 01:27:18,worker,49.1,38.4,31,2.13,
2026-09-28 01:27:23,worker,54.6,38.3,31,2.12,
2026-09-28 01:27:28,worker,53.2,39.2,31,2.03,
2026-09-28 01:27:33,worker,45.4,39.4,31,1.87,
2026-09-28 01:27:38,worker,55.6,38.9,31,2.36,
2026-09-28 01:27:43,worker,55.4,39.7,31,2.65,
2026-09-28 01:27:48,worker,53.6,40.0,31,2.52,
2026-09-28 01:27:53,worker,52.6,38.9,31,2.48,
2026-09-28 01:27:58,worker,53.7,40.0,31,2.28,
2026-09-28 01:28:03,worker,52.6,40.1,31,2.10,
2026-09-28 01:28:08,worker,54.0,40.9,31,2.25,
2026-09-28 01:28:13,worker,56.6,41.0,31,2.07,
2026-09-28 01:28:18,worker,55.0,40.9,31,2.30,
2026-09-28 01:28:23,worker,55.1,39.5,31,2.36,
2026-09-28 01:28:28,worker,43.3,40.5,31,2.17,
2026-09-28 01:28:33,worker,26.8,41.1,31,2.00,
2026-09-28 01:28:38,worker,26.9,39.8,31,1.84,
2026-09-28 01:28:43,worker,28.3,40.2,31,1.69,
2026-09-28 01:28:48,worker,30.1,40.4,31,1.55,
2026-09-28 01:28:53,worker,28.9,40.9,31,1.51,
2026-09-28 01:28:58,worker,28.3,39.5,31,1.39,
2026-09-28 01:29:04,worker,27.4,40.2,31,1.28,
2026-09-28 01:29:09,worker,30.0,40.9,31,1.50,
2026-09-28 01:29:14,worker,26.7,39.5,31,1.62,
2026-09-28 01:29:19,worker,30.0,40.6,31,1.49,
2026-09-28 01:29:24,worker,28.7,40.8,31,1.77,
2026-09-28 01:29:29,worker,26.4,40.8,31,1.63,
2026-09-28 01:29:34,worker,25.5,41.3,31,1.50,
2026-09-28 01:29:39,worker,28.8,40.6,31,1.54,
2026-09-28 01:29:44,worker,27.6,40.8,31,1.57,
2026-09-28 01:29:49,worker,23.9,40.9,31,1.45,
2026-09-28 01:29:54,worker,29.8,39.7,31,1.49,
2026-09-28 01:29:59,worker,28.0,40.7,31,1.37,
2026-09-28 01:30:04,worker,25.1,40.7,31,1.26,
2026-09-28 01:30:09,worker,28.3,39.8,31,1.16,
2026-09-28 01:30:14,worker,27.5,40.6,31,1.07,
2026-09-28 01:30:19,worker,27.0,40.6,31,0.98,
2026-09-28 01:30:24,worker,29.9,40.1,31,1.14,
2026-09-28 01:30:29,worker,26.7,40.7,31,1.05,
2026-09-28 01:30:34,worker,25.1,40.8,31,0.97,
2026-09-28 01:30:39,worker,29.0,40.2,31,0.97,
2026-09-28 01:30:44,worker,27.5,40.6,31,1.21,
2026-09-28 01:30:49,worker,26.4,40.7,31,1.20,
2026-09-28 01:30:54,worker,28.4,41.0,31,1.42,
2026-09-28 01:30:59,worker,27.9,39.8,31,1.31,
2026-09-28 01:31:04,worker,28.3,40.7,31,1.20,
2026-09-28 01:31:09,worker,26.9,41.2,31,1.10,
2026-09-28 01:31:14,worker,29.1,41.1,31,1.18,
2026-09-28 01:31:19,worker,30.0,40.8,31,1.48,
2026-09-28 01:31:24,worker,29.1,41.1,31,1.36,
2026-09-28 01:31:29,worker,24.8,41.2,31,1.25,
2026-09-28 01:31:34,worker,27.7,41.2,31,1.15,
2026-09-28 01:31:39,worker,30.6,41.6,31,1.06,
2026-09-28 01:31:44,worker,27.6,41.6,31,0.98,
2026-09-28 01:31:49,worker,26.5,41.6,31,0.90,
2026-09-28 01:31:54,worker,28.8,41.2,31,0.83,
2026-09-28 01:31:59,worker,26.1,41.5,31,0.76,
2026-09-28 01:32:04,worker,26.5,40.1,31,0.70,
2026-09-28 01:32:09,worker,30.3,41.3,31,0.64,
2026-09-28 01:32:14,worker,26.9,41.7,31,0.59,
2026-09-28 01:32:19,worker,28.2,41.7,31,0.94,
2026-09-28 01:32:24,worker,27.9,41.1,31,0.95,
2026-09-28 01:32:29,worker,18.2,41.1,31,0.87,
2026-09-28 01:32:34,worker,28.0,41.2,31,0.80,
2026-09-28 01:32:39,worker,29.3,42.0,31,0.74,
2026-09-28 01:32:44,worker,25.2,41.0,31,0.68,
2026-09-28 01:32:49,worker,28.3,41.5,31,0.62,
2026-09-28 01:32:54,worker,28.8,41.8,31,0.57,
2026-09-28 01:32:59,worker,26.6,41.8,31,0.61,
2026-09-28 01:33:04,worker,26.8,41.8,31,0.56,
2026-09-28 01:33:09,worker,28.3,40.5,31,0.51,
2026-09-28 01:33:15,worker,25.8,41.0,31,0.63,
2026-09-28 01:33:20,worker,26.3,41.0,31,0.58,
2026-09-28 01:33:25,worker,26.9,41.5,31,0.62,
2026-09-28 01:33:30,worker,22.1,41.7,31,0.57,
2026-09-28 01:33:35,worker,5.9,39.9,31,0.52,
2026-09-28 01:33:40,worker,3.8,41.0,31,0.48,
2026-09-28 01:33:45,worker,2.7,41.0,31,0.44,
2026-09-28 01:33:50,worker,4.0,41.4,31,0.40,
2026-09-28 01:33:55,worker,3.7,41.5,31,0.37,
