ts_ms,cola,tamano,pendientes,activos,programados,reintentos,archivados,completados,procesados_total,fallidos_total,antiguedad_ms
1790534625114,critical,0,0,0,0,0,0,0,21,0,0
1790534625114,default,8,0,0,0,0,0,8,33,0,0
1790534625114,low,8,0,0,0,0,0,8,90,0,0
1790534627108,critical,0,0,0,0,0,0,0,21,0,0
1790534627108,default,8,0,0,0,0,0,8,33,0,0
1790534627108,low,8,0,0,0,0,0,8,90,0,0
1790534629088,critical,0,0,0,0,0,0,0,21,0,0
1790534629088,default,8,0,0,0,0,0,8,33,0,0
1790534629088,low,8,0,0,0,0,0,8,90,0,0
1790534631090,critical,0,0,0,0,0,0,0,21,0,0
1790534631090,default,8,0,0,0,0,0,8,33,0,0
1790534631090,low,8,0,0,0,0,0,8,90,0,0
1790534633089,critical,0,0,0,0,0,0,0,21,0,0
1790534633089,default,8,0,0,0,0,0,8,33,0,0
1790534633089,low,8,0,0,0,0,0,8,90,0,0
1790534635089,critical,0,0,0,0,0,0,0,21,0,0
1790534635089,default,8,0,0,0,0,0,8,33,0,0
1790534635089,low,8,0,0,0,0,0,8,90,0,0
1790534637089,critical,0,0,0,0,0,0,0,21,0,0
1790534637089,default,8,0,0,0,0,0,8,33,0,0
1790534637089,low,8,0,0,0,0,0,8,90,0,0
1790534639090,critical,0,0,0,0,0,0,0,21,0,0
1790534639090,default,8,0,0,0,0,0,8,33,0,0
1790534639090,low,8,0,0,0,0,0,8,90,0,0
1790534641091,critical,0,0,0,0,0,0,0,21,0,0
1790534641091,default,8,0,0,0,0,0,8,33,0,0
1790534641091,low,8,0,0,0,0,0,8,90,0,0
1790534643104,critical,0,0,0,0,0,0,0,21,0,0
1790534643104,default,8,0,0,0,0,0,8,33,0,0
1790534643104,low,8,0,0,0,0,0,8,90,0,0
1790534645089,critical,0,0,0,0,0,0,0,21,0,0
1790534645089,default,8,0,0,0,0,0,8,33,0,0
1790534645089,low,8,0,0,0,0,0,8,90,0,0
1790534647117,critical,0,0,0,0,0,0,0,21,0,0
1790534647117,default,8,0,0,0,0,0,8,33,0,0
1790534647117,low,8,0,0,0,0,0,8,90,0,0
1790534649097,critical,0,0,0,0,0,0,0,21,0,0
1790534649097,default,8,0,0,0,0,0,8,33,0,0
1790534649097,low,8,0,0,0,0,0,8,90,0,0
1790534651120,critical,0,0,0,0,0,0,0,21,0,0
1790534651120,default,8,0,0,0,0,0,8,33,0,0
1790534651120,low,8,0,0,0,0,0,8,90,0,0
1790534653088,critical,0,0,0,0,0,0,0,21,0,0
1790534653088,default,8,0,0,0,0,0,8,33,0,0
1790534653088,low,8,0,0,0,0,0,8,90,0,0
1790534655090,critical,0,0,0,0,0,0,0,21,0,0
1790534655090,default,8,0,0,0,0,0,8,33,0,0
1790534655090,low,8,0,0,0,0,0,8,90,0,0
1790534657089,critical,0,0,0,0,0,0,0,21,0,0
1790534657089,default,8,0,0,0,0,0,8,33,0,0
1790534657089,low,8,0,0,0,0,0,8,90,0,0
1790534659091,critical,0,0,0,0,0,0,0,21,0,0
1790534659091,default,8,0,0,0,0,0,8,33,0,0
1790534659091,low,8,0,0,0,0,0,8,90,0,0
1790534661099,critical,0,0,0,0,0,0,0,21,0,0
1790534661099,default,8,0,0,0,0,0,8,33,0,0
1790534661099,low,8,0,0,0,0,0,8,90,0,0
1790534663076,critical,0,0,0,0,0,0,0,21,0,0
1790534663076,default,8,0,0,0,0,0,8,33,0,0
1790534663076,low,8,0,0,0,0,0,8,90,0,0
1790534665077,critical,0,0,0,0,0,0,0,21,0,0
1790534665077,default,8,0,0,0,0,0,8,33,0,0
1790534665077,low,8,0,0,0,0,0,8,90,0,0
1790534667077,critical,0,0,0,0,0,0,0,21,0,0
1790534667077,default,8,0,0,0,0,0,8,33,0,0
1790534667077,low,8,0,0,0,0,0,8,90,0,0
1790534669076,critical,0,0,0,0,0,0,0,21,0,0
1790534669076,default,8,0,0,0,0,0,8,33,0,0
1790534669076,low,8,0,0,0,0,0,8,90,0,0
1790534671077,critical,0,0,0,0,0,0,0,21,0,0
1790534671077,default,8,0,0,0,0,0,8,33,0,0
1790534671077,low,8,0,0,0,0,0,8,90,0,0
1790534673086,critical,0,0,0,0,0,0,0,21,0,0
1790534673086,default,8,0,0,0,0,0,8,33,0,0
1790534673086,low,8,0,0,0,0,0,8,90,0,0
1790534675076,critical,0,0,0,0,0,0,0,21,0,0
1790534675076,default,8,0,0,0,0,0,8,33,0,0
1790534675076,low,8,0,0,0,0,0,8,90,0,0
1790534677077,critical,0,0,0,0,0,0,0,21,0,0
1790534677077,default,8,0,0,0,0,0,8,33,0,0
1790534677077,low,8,0,0,0,0,0,8,90,0,0
1790534679077,critical,0,0,0,0,0,0,0,21,0,0
1790534679077,default,8,0,0,0,0,0,8,33,0,0
1790534679077,low,8,0,0,0,0,0,8,90,0,0
1790534681076,critical,0,0,0,0,0,0,0,21,0,0
1790534681076,default,8,0,0,0,0,0,8,33,0,0
1790534681076,low,8,0,0,0,0,0,8,90,0,0
1790534683076,critical,0,0,0,0,0,0,0,21,0,0
1790534683076,default,8,0,0,0,0,0,8,33,0,0
1790534683076,low,8,0,0,0,0,0,8,90,0,0
1790534685076,critical,0,0,0,0,0,0,0,21,0,0
1790534685076,default,8,0,0,0,0,0,8,33,0,0
1790534685076,low,8,0,0,0,0,0,8,90,0,0
1790534687076,critical,0,0,0,0,0,0,0,21,0,0
1790534687076,default,8,0,0,0,0,0,8,33,0,0
1790534687076,low,8,0,0,0,0,0,8,90,0,0
1790534689077,critical,0,0,0,0,0,0,0,21,0,0
1790534689077,default,8,0,0,0,0,0,8,33,0,0
1790534689077,low,8,0,0,0,0,0,8,90,0,0
1790534691031,critical,0,0,0,0,0,0,0,21,0,0
1790534691031,default,8,0,0,0,0,0,8,33,0,0
1790534691031,low,8,0,0,0,0,0,8,90,0,0
1790534693030,critical,0,0,0,0,0,0,0,21,0,0
1790534693030,default,8,0,0,0,0,0,8,33,0,0
1790534693030,low,8,0,0,0,0,0,8,90,0,0
1790534695032,critical,0,0,0,0,0,0,0,21,0,0
1790534695032,default,8,0,0,0,0,0,8,33,0,0
1790534695032,low,8,0,0,0,0,0,8,90,0,0
1790534697030,critical,0,0,0,0,0,0,0,21,0,0
1790534697030,default,8,0,0,0,0,0,8,33,0,0
1790534697030,low,8,0,0,0,0,0,8,90,0,0
1790534699031,critical,0,0,0,0,0,0,0,21,0,0
1790534699031,default,8,0,0,0,0,0,8,33,0,0
1790534699031,low,8,0,0,0,0,0,8,90,0,0
1790534701031,critical,0,0,0,0,0,0,0,21,0,0
1790534701031,default,8,0,0,0,0,0,8,33,0,0
1790534701031,low,8,0,0,0,0,0,8,90,0,0
1790534703031,critical,0,0,0,0,0,0,0,21,0,0
1790534703031,default,8,0,0,0,0,0,8,33,0,0
1790534703031,low,8,0,0,0,0,0,8,90,0,0
1790534705038,critical,0,0,0,0,0,0,0,21,0,0
1790534705038,default,8,0,0,0,0,0,8,33,0,0
1790534705038,low,8,0,0,0,0,0,8,90,0,0
1790534707031,critical,0,0,0,0,0,0,0,21,0,0
1790534707031,default,8,0,0,0,0,0,8,33,0,0
1790534707031,low,8,0,0,0,0,0,8,90,0,0
1790534709032,critical,0,0,0,0,0,0,0,21,0,0
1790534709032,default,8,0,0,0,0,0,8,33,0,0
1790534709032,low,8,0,0,0,0,0,8,90,0,0
1790534711031,critical,0,0,0,0,0,0,0,21,0,0
1790534711031,default,8,0,0,0,0,0,8,33,0,0
1790534711031,low,8,0,0,0,0,0,8,90,0,0
1790534713032,critical,0,0,0,0,0,0,0,21,0,0
1790534713032,default,8,0,0,0,0,0,8,33,0,0
1790534713032,low,8,0,0,0,0,0,8,90,0,0
1790534715052,critical,0,0,0,0,0,0,0,21,0,0
1790534715052,default,8,0,0,0,0,0,8,33,0,0
1790534715052,low,8,0,0,0,0,0,8,90,0,0
1790534717104,critical,0,0,0,0,0,0,0,21,0,0
1790534717104,default,8,0,0,0,0,0,8,33,0,0
1790534717104,low,8,0,0,0,0,0,8,90,0,0
1790534719069,critical,0,0,0,0,0,0,0,21,0,0
1790534719069,default,8,0,0,0,0,0,8,33,0,0
1790534719069,low,8,0,0,0,0,0,8,90,0,0
1790534720999,critical,0,0,0,0,0,0,0,21,0,0
1790534720999,default,9,0,0,0,0,0,9,34,0,0
1790534720999,low,9,1,0,0,0,0,8,90,0,50
1790534723000,critical,0,0,0,0,0,0,0,21,0,0
1790534723000,default,9,0,0,0,0,0,9,34,0,0
1790534723000,low,9,0,1,0,0,0,8,90,0,0
1790534724999,critical,0,0,0,0,0,0,0,21,0,0
1790534724999,default,9,0,0,0,0,0,9,34,0,0
1790534724999,low,9,0,1,0,0,0,8,90,0,0
1790534727000,critical,0,0,0,0,0,0,0,21,0,0
1790534727000,default,9,0,0,0,0,0,9,34,0,0
1790534727000,low,9,0,1,0,0,0,8,90,0,0
1790534729000,critical,0,0,0,0,0,0,0,21,0,0
1790534729000,default,9,0,0,0,0,0,9,34,0,0
1790534729000,low,9,0,1,0,0,0,8,90,0,0
1790534731114,critical,0,0,0,0,0,0,0,21,0,0
1790534731114,default,9,0,0,0,0,0,9,34,0,0
1790534731114,low,9,0,1,0,0,0,8,90,0,0
1790534733000,critical,0,0,0,0,0,0,0,21,0,0
1790534733000,default,9,0,0,0,0,0,9,34,0,0
1790534733000,low,9,0,1,0,0,0,8,90,0,0
1790534735004,critical,0,0,0,0,0,0,0,21,0,0
1790534735004,default,9,0,0,0,0,0,9,34,0,0
1790534735004,low,9,0,1,0,0,0,8,90,0,0
1790534737008,critical,0,0,0,0,0,0,0,21,0,0
1790534737008,default,9,0,0,0,0,0,9,34,0,0
1790534737008,low,9,0,1,0,0,0,8,90,0,0
1790534739000,critical,0,0,0,0,0,0,0,21,0,0
1790534739000,default,9,0,0,0,0,0,9,34,0,0
1790534739000,low,9,0,1,0,0,0,8,90,0,0
1790534741344,critical,0,0,0,0,0,0,0,21,0,0
1790534741344,default,9,0,0,0,0,0,9,34,0,0
1790534741344,low,9,0,1,0,0,0,8,90,0,0
1790534742999,critical,0,0,0,0,0,0,0,21,0,0
1790534742999,default,9,0,0,0,0,0,9,34,0,0
1790534742999,low,9,0,1,0,0,0,8,90,0,0
1790534745000,critical,0,0,0,0,0,0,0,21,0,0
1790534745000,default,9,0,0,0,0,0,9,34,0,0
1790534745000,low,9,0,0,0,0,0,9,91,0,0
1790534747000,critical,0,0,0,0,0,0,0,21,0,0
1790534747000,default,9,0,0,0,0,0,9,34,0,0
1790534747000,low,9,0,0,0,0,0,9,91,0,0
1790534749000,critical,0,0,0,0,0,0,0,21,0,0
1790534749000,default,9,0,0,0,0,0,9,34,0,0
1790534749000,low,9,0,0,0,0,0,9,91,0,0
1790534750983,critical,0,0,0,0,0,0,0,21,0,0
1790534750983,default,9,0,0,0,0,0,9,34,0,0
1790534750983,low,9,0,0,0,0,0,9,91,0,0
1790534752976,critical,0,0,0,0,0,0,0,21,0,0
1790534752976,default,9,0,0,0,0,0,9,34,0,0
1790534752976,low,9,0,0,0,0,0,9,91,0,0
1790534754976,critical,0,0,0,0,0,0,0,21,0,0
1790534754976,default,9,0,0,0,0,0,9,34,0,0
1790534754976,low,9,0,0,0,0,0,9,91,0,0
1790534756976,critical,0,0,0,0,0,0,0,21,0,0
1790534756976,default,9,0,0,0,0,0,9,34,0,0
1790534756976,low,9,0,0,0,0,0,9,91,0,0
1790534758976,critical,0,0,0,0,0,0,0,21,0,0
1790534758976,default,9,0,0,0,0,0,9,34,0,0
1790534758976,low,9,0,0,0,0,0,9,91,0,0
1790534760976,critical,0,0,0,0,0,0,0,21,0,0
1790534760976,default,9,0,0,0,0,0,9,34,0,0
1790534760976,low,9,0,0,0,0,0,9,92,0,0
1790534762976,critical,0,0,0,0,0,0,0,21,0,0
1790534762976,default,9,0,0,0,0,0,9,34,0,0
1790534762976,low,9,0,0,0,0,0,9,92,0,0
1790534764976,critical,0,0,0,0,0,0,0,21,0,0
1790534764976,default,9,0,0,0,0,0,9,34,0,0
1790534764976,low,9,0,0,0,0,0,9,92,0,0
1790534766976,critical,0,0,0,0,0,0,0,21,0,0
1790534766976,default,9,0,0,0,0,0,9,34,0,0
1790534766976,low,9,0,0,0,0,0,9,92,0,0
1790534768975,critical,0,0,0,0,0,0,0,21,0,0
1790534768975,default,9,0,0,0,0,0,9,34,0,0
1790534768975,low,9,0,0,0,0,0,9,92,0,0
1790534770976,critical,0,0,0,0,0,0,0,21,0,0
1790534770976,default,9,0,0,0,0,0,9,34,0,0
1790534770976,low,9,0,0,0,0,0,9,92,0,0
1790534772976,critical,0,0,0,0,0,0,0,21,0,0
1790534772976,default,9,0,0,0,0,0,9,34,0,0
1790534772976,low,9,0,0,0,0,0,9,92,0,0
1790534774977,critical,0,0,0,0,0,0,0,21,0,0
1790534774977,default,9,0,0,0,0,0,9,34,0,0
1790534774977,low,9,0,0,0,0,0,9,92,0,0
1790534776977,critical,0,0,0,0,0,0,0,21,0,0
1790534776977,default,9,0,0,0,0,0,9,34,0,0
1790534776977,low,9,0,0,0,0,0,9,92,0,0
1790534778976,critical,0,0,0,0,0,0,0,21,0,0
1790534778976,default,9,0,0,0,0,0,9,34,0,0
1790534778976,low,9,0,0,0,0,0,9,92,0,0
1790534780955,critical,0,0,0,0,0,0,0,21,0,0
1790534780955,default,9,0,0,0,0,0,9,34,0,0
1790534780955,low,9,0,0,0,0,0,9,92,0,0
1790534782963,critical,0,0,0,0,0,0,0,21,0,0
1790534782963,default,9,0,0,0,0,0,9,34,0,0
1790534782963,low,9,0,0,0,0,0,9,92,0,0
1790534784961,critical,0,0,0,0,0,0,0,21,0,0
1790534784961,default,9,0,0,0,0,0,9,34,0,0
1790534784961,low,9,0,0,0,0,0,9,92,0,0
1790534787023,critical,0,0,0,0,0,0,0,21,0,0
1790534787023,default,9,0,0,0,0,0,9,34,0,0
1790534787023,low,9,0,0,0,0,0,9,92,0,0
1790534788955,critical,0,0,0,0,0,0,0,21,0,0
1790534788955,default,9,0,0,0,0,0,9,34,0,0
1790534788955,low,9,0,0,0,0,0,9,92,0,0
1790534790956,critical,0,0,0,0,0,0,0,21,0,0
1790534790956,default,9,0,0,0,0,0,9,34,0,0
1790534790956,low,9,0,0,0,0,0,9,92,0,0
1790534792956,critical,0,0,0,0,0,0,0,21,0,0
1790534792956,default,9,0,0,0,0,0,9,34,0,0
1790534792956,low,9,0,0,0,0,0,9,92,0,0
1790534794963,critical,0,0,0,0,0,0,0,21,0,0
1790534794963,default,9,0,0,0,0,0,9,34,0,0
1790534794963,low,9,0,0,0,0,0,9,92,0,0
1790534796955,critical,0,0,0,0,0,0,0,21,0,0
1790534796955,default,9,0,0,0,0,0,9,34,0,0
1790534796955,low,9,0,0,0,0,0,9,92,0,0
1790534798956,critical,0,0,0,0,0,0,0,21,0,0
1790534798956,default,9,0,0,0,0,0,9,34,0,0
1790534798956,low,9,0,0,0,0,0,9,92,0,0
1790534800956,critical,0,0,0,0,0,0,0,21,0,0
1790534800956,default,9,0,0,0,0,0,9,34,0,0
1790534800956,low,9,0,0,0,0,0,9,92,0,0
1790534802978,critical,0,0,0,0,0,0,0,21,0,0
1790534802978,default,9,0,0,0,0,0,9,34,0,0
1790534802978,low,9,0,0,0,0,0,9,92,0,0
1790534804956,critical,0,0,0,0,0,0,0,21,0,0
1790534804956,default,9,0,0,0,0,0,9,34,0,0
1790534804956,low,9,0,0,0,0,0,9,92,0,0
1790534806957,critical,0,0,0,0,0,0,0,21,0,0
1790534806957,default,9,0,0,0,0,0,9,34,0,0
1790534806957,low,9,0,0,0,0,0,9,92,0,0
1790534808955,critical,0,0,0,0,0,0,0,21,0,0
1790534808955,default,9,0,0,0,0,0,9,34,0,0
1790534808955,low,9,0,0,0,0,0,9,92,0,0
1790534810935,critical,0,0,0,0,0,0,0,21,0,0
1790534810935,default,9,0,0,0,0,0,9,34,0,0
1790534810935,low,9,0,0,0,0,0,9,92,0,0
1790534812935,critical,0,0,0,0,0,0,0,21,0,0
1790534812935,default,9,0,0,0,0,0,9,34,0,0
1790534812935,low,9,0,0,0,0,0,9,92,0,0
1790534814937,critical,0,0,0,0,0,0,0,21,0,0
1790534814937,default,9,0,0,0,0,0,9,34,0,0
1790534814937,low,9,0,0,0,0,0,9,92,0,0
1790534816935,critical,0,0,0,0,0,0,0,21,0,0
1790534816935,default,9,0,0,0,0,0,9,34,0,0
1790534816935,low,9,0,0,0,0,0,9,92,0,0
1790534818935,critical,0,0,0,0,0,0,0,21,0,0
1790534818935,default,9,0,0,0,0,0,9,34,0,0
1790534818935,low,9,0,0,0,0,0,9,92,0,0
1790534820935,critical,0,0,0,0,0,0,0,21,0,0
1790534820935,default,9,0,0,0,0,0,9,34,0,0
1790534820935,low,9,0,0,0,0,0,9,92,0,0
1790534822935,critical,0,0,0,0,0,0,0,21,0,0
1790534822935,default,9,0,0,0,0,0,9,34,0,0
1790534822935,low,9,0,0,0,0,0,9,92,0,0
1790534824935,critical,0,0,0,0,0,0,0,21,0,0
1790534824935,default,9,0,0,0,0,0,9,34,0,0
1790534824935,low,9,0,0,0,0,0,9,92,0,0
1790534826966,critical,0,0,0,0,0,0,0,21,0,0
1790534826966,default,9,0,0,0,0,0,9,34,0,0
1790534826966,low,9,0,0,0,0,0,9,92,0,0
1790534828935,critical,0,0,0,0,0,0,0,21,0,0
1790534828935,default,9,0,0,0,0,0,9,34,0,0
1790534828935,low,9,0,0,0,0,0,9,92,0,0
1790534830943,critical,0,0,0,0,0,0,0,21,0,0
1790534830943,default,9,0,0,0,0,0,9,34,0,0
1790534830943,low,9,0,0,0,0,0,9,92,0,0
1790534832935,critical,0,0,0,0,0,0,0,21,0,0
1790534832935,default,9,0,0,0,0,0,9,34,0,0
1790534832935,low,9,0,0,0,0,0,9,92,0,0
1790534834935,critical,0,0,0,0,0,0,0,21,0,0
1790534834935,default,9,0,0,0,0,0,9,34,0,0
1790534834935,low,9,0,0,0,0,0,9,92,0,0
1790534836936,critical,0,0,0,0,0,0,0,21,0,0
1790534836936,default,10,0,1,0,0,0,9,34,0,0
1790534836936,low,9,0,0,0,0,0,9,92,0,0
1790534838983,critical,0,0,0,0,0,0,0,21,0,0
1790534838983,default,10,0,0,0,0,0,10,35,0,0
1790534838983,low,10,0,1,0,0,0,9,92,0,0
1790534840906,critical,0,0,0,0,0,0,0,21,0,0
1790534840906,default,10,0,0,0,0,0,10,35,0,0
1790534840906,low,10,0,1,0,0,0,9,92,0,0
1790534842906,critical,0,0,0,0,0,0,0,21,0,0
1790534842906,default,10,0,0,0,0,0,10,35,0,0
1790534842906,low,10,0,1,0,0,0,9,92,0,0
1790534844906,critical,0,0,0,0,0,0,0,21,0,0
1790534844906,default,10,0,0,0,0,0,10,35,0,0
1790534844906,low,10,0,1,0,0,0,9,92,0,0
1790534846907,critical,0,0,0,0,0,0,0,21,0,0
1790534846907,default,10,0,0,0,0,0,10,35,0,0
1790534846907,low,10,0,1,0,0,0,9,92,0,0
1790534848908,critical,0,0,0,0,0,0,0,21,0,0
1790534848908,default,10,0,0,0,0,0,10,35,0,0
1790534848908,low,10,0,1,0,0,0,9,92,0,0
1790534850977,critical,0,0,0,0,0,0,0,21,0,0
1790534850977,default,10,0,0,0,0,0,10,35,0,0
1790534850977,low,10,0,1,0,0,0,9,92,0,0
1790534852939,critical,0,0,0,0,0,0,0,21,0,0
1790534852939,default,10,0,0,0,0,0,10,35,0,0
1790534852939,low,10,0,1,0,0,0,9,92,0,0
1790534854911,critical,0,0,0,0,0,0,0,21,0,0
1790534854911,default,10,0,0,0,0,0,10,35,0,0
1790534854911,low,10,0,1,0,0,0,9,92,0,0
1790534856920,critical,0,0,0,0,0,0,0,21,0,0
1790534856920,default,10,0,0,0,0,0,10,35,0,0
1790534856920,low,10,0,1,0,0,0,9,92,0,0
1790534858907,critical,0,0,0,0,0,0,0,21,0,0
1790534858907,default,10,0,0,0,0,0,10,35,0,0
1790534858907,low,10,0,1,0,0,0,9,92,0,0
1790534860908,critical,0,0,0,0,0,0,0,21,0,0
1790534860908,default,10,0,0,0,0,0,10,35,0,0
1790534860908,low,10,0,1,0,0,0,9,92,0,0
1790534862960,critical,0,0,0,0,0,0,0,21,0,0
1790534862960,default,10,0,0,0,0,0,10,35,0,0
1790534862960,low,10,0,1,0,0,0,9,92,0,0
1790534864940,critical,0,0,0,0,0,0,0,21,0,0
1790534864940,default,10,0,0,0,0,0,10,35,0,0
1790534864940,low,10,0,1,0,0,0,9,92,0,0
1790534866906,critical,0,0,0,0,0,0,0,21,0,0
1790534866906,default,10,0,0,0,0,0,10,35,0,0
1790534866906,low,10,0,1,0,0,0,9,92,0,0
1790534868907,critical,0,0,0,0,0,0,0,21,0,0
1790534868907,default,10,0,0,0,0,0,10,35,0,0
1790534868907,low,10,0,1,0,0,0,9,92,0,0
1790534870934,critical,0,0,0,0,0,0,0,21,0,0
1790534870934,default,10,0,0,0,0,0,10,35,0,0
1790534870934,low,10,0,1,0,0,0,9,92,0,0
1790534872948,critical,0,0,0,0,0,0,0,21,0,0
1790534872948,default,10,0,0,0,0,0,10,35,0,0
1790534872948,low,10,0,1,0,0,0,9,92,0,0
1790534874896,critical,0,0,0,0,0,0,0,21,0,0
1790534874896,default,10,0,0,0,0,0,10,35,0,0
1790534874896,low,10,0,1,0,0,0,9,92,0,0
1790534876883,critical,0,0,0,0,0,0,0,21,0,0
1790534876883,default,10,0,0,0,0,0,10,35,0,0
1790534876883,low,10,0,1,0,0,0,9,92,0,0
1790534878912,critical,0,0,0,0,0,0,0,21,0,0
1790534878912,default,10,0,0,0,0,0,10,35,0,0
1790534878912,low,10,0,1,0,0,0,9,92,0,0
1790534880884,critical,0,0,0,0,0,0,0,21,0,0
1790534880884,default,10,0,0,0,0,0,10,35,0,0
1790534880884,low,10,0,1,0,0,0,9,92,0,0
1790534882884,critical,0,0,0,0,0,0,0,21,0,0
1790534882884,default,10,0,0,0,0,0,10,35,0,0
1790534882884,low,10,0,1,0,0,0,9,92,0,0
1790534884883,critical,0,0,0,0,0,0,0,21,0,0
1790534884883,default,10,0,0,0,0,0,10,35,0,0
1790534884883,low,10,0,1,0,0,0,9,92,0,0
1790534886883,critical,0,0,0,0,0,0,0,21,0,0
1790534886883,default,10,0,0,0,0,0,10,35,0,0
1790534886883,low,10,0,1,0,0,0,9,92,0,0
1790534888884,critical,0,0,0,0,0,0,0,21,0,0
1790534888884,default,10,0,0,0,0,0,10,35,0,0
1790534888884,low,10,0,1,0,0,0,9,92,0,0
1790534890883,critical,0,0,0,0,0,0,0,21,0,0
1790534890883,default,10,0,0,0,0,0,10,35,0,0
1790534890883,low,10,0,1,0,0,0,9,92,0,0
1790534892885,critical,0,0,0,0,0,0,0,21,0,0
1790534892885,default,10,0,0,0,0,0,10,35,0,0
1790534892885,low,10,0,1,0,0,0,9,92,0,0
1790534894884,critical,0,0,0,0,0,0,0,21,0,0
1790534894884,default,10,0,0,0,0,0,10,35,0,0
1790534894884,low,10,0,1,0,0,0,9,92,0,0
1790534896883,critical,0,0,0,0,0,0,0,21,0,0
1790534896883,default,10,0,0,0,0,0,10,35,0,0
1790534896883,low,10,0,1,0,0,0,9,92,0,0
1790534898884,critical,0,0,0,0,0,0,0,21,0,0
1790534898884,default,10,0,0,0,0,0,10,35,0,0
1790534898884,low,10,0,1,0,0,0,9,92,0,0
1790534900888,critical,0,0,0,0,0,0,0,21,0,0
1790534900888,default,10,0,0,0,0,0,10,35,0,0
1790534900888,low,10,0,1,0,0,0,9,92,0,0
1790534902883,critical,0,0,0,0,0,0,0,21,0,0
1790534902883,default,10,0,0,0,0,0,10,35,0,0
1790534902883,low,10,0,1,0,0,0,9,92,0,0
1790534904877,critical,0,0,0,0,0,0,0,21,0,0
1790534904877,default,10,0,0,0,0,0,10,35,0,0
1790534904877,low,10,0,1,0,0,0,9,92,0,0
1790534906871,critical,0,0,0,0,0,0,0,21,0,0
1790534906871,default,10,0,0,0,0,0,10,35,0,0
1790534906871,low,10,0,1,0,0,0,9,92,0,0
1790534908865,critical,0,0,0,0,0,0,0,21,0,0
1790534908865,default,10,0,0,0,0,0,10,35,0,0
1790534908865,low,10,0,1,0,0,0,9,92,0,0
1790534910865,critical,0,0,0,0,0,0,0,21,0,0
1790534910865,default,10,0,0,0,0,0,10,35,0,0
1790534910865,low,10,0,1,0,0,0,9,92,0,0
1790534912865,critical,0,0,0,0,0,0,0,21,0,0
1790534912865,default,10,0,0,0,0,0,10,35,0,0
1790534912865,low,10,0,1,0,0,0,9,92,0,0
1790534914865,critical,0,0,0,0,0,0,0,21,0,0
1790534914865,default,10,0,0,0,0,0,10,35,0,0
1790534914865,low,10,0,1,0,0,0,9,92,0,0
1790534916865,critical,0,0,0,0,0,0,0,21,0,0
1790534916865,default,10,0,0,0,0,0,10,35,0,0
1790534916865,low,10,0,1,0,0,0,9,92,0,0
1790534918864,critical,0,0,0,0,0,0,0,21,0,0
1790534918864,default,10,0,0,0,0,0,10,35,0,0
1790534918864,low,10,0,1,0,0,0,9,92,0,0
1790534920864,critical,0,0,0,0,0,0,0,21,0,0
1790534920864,default,10,0,0,0,0,0,10,35,0,0
1790534920864,low,10,0,0,0,0,0,10,93,0,0
1790534922864,critical,0,0,0,0,0,0,0,21,0,0
1790534922864,default,10,0,0,0,0,0,10,35,0,0
1790534922864,low,10,0,0,0,0,0,10,93,0,0
1790534924864,critical,0,0,0,0,0,0,0,21,0,0
1790534924864,default,10,0,0,0,0,0,10,35,0,0
1790534924864,low,10,0,0,0,0,0,10,93,0,0
1790534926864,critical,0,0,0,0,0,0,0,21,0,0
1790534926864,default,10,0,0,0,0,0,10,35,0,0
1790534926864,low,10,0,0,0,0,0,10,93,0,0
1790534928871,critical,0,0,0,0,0,0,0,21,0,0
1790534928871,default,10,0,0,0,0,0,10,35,0,0
1790534928871,low,10,0,0,0,0,0,10,93,0,0
1790534930865,critical,0,0,0,0,0,0,0,21,0,0
1790534930865,default,10,0,0,0,0,0,10,35,0,0
1790534930865,low,10,0,0,0,0,0,10,93,0,0
1790534932864,critical,0,0,0,0,0,0,0,21,0,0
1790534932864,default,10,0,0,0,0,0,10,35,0,0
1790534932864,low,10,0,0,0,0,0,10,93,0,0
1790534934847,critical,0,0,0,0,0,0,0,21,0,0
1790534934847,default,10,0,0,0,0,0,10,35,0,0
1790534934847,low,10,0,0,0,0,0,10,93,0,0
1790534936848,critical,0,0,0,0,0,0,0,21,0,0
1790534936848,default,10,0,0,0,0,0,10,35,0,0
1790534936848,low,10,0,0,0,0,0,10,93,0,0
1790534938847,critical,0,0,0,0,0,0,0,21,0,0
1790534938847,default,10,0,0,0,0,0,10,35,0,0
1790534938847,low,10,0,0,0,0,0,10,93,0,0
1790534940868,critical,0,0,0,0,0,0,0,21,0,0
1790534940868,default,10,0,0,0,0,0,10,35,0,0
1790534940868,low,10,0,0,0,0,0,10,93,0,0
1790534942847,critical,0,0,0,0,0,0,0,21,0,0
1790534942847,default,10,0,0,0,0,0,10,35,0,0
1790534942847,low,10,0,0,0,0,0,10,93,0,0
1790534944847,critical,0,0,0,0,0,0,0,21,0,0
1790534944847,default,10,0,0,0,0,0,10,35,0,0
1790534944847,low,10,0,0,0,0,0,10,93,0,0
1790534946847,critical,0,0,0,0,0,0,0,21,0,0
1790534946847,default,10,0,0,0,0,0,10,35,0,0
1790534946847,low,10,0,0,0,0,0,10,93,0,0
1790534948847,critical,0,0,0,0,0,0,0,21,0,0
1790534948847,default,10,0,0,0,0,0,10,35,0,0
1790534948847,low,10,0,0,0,0,0,10,93,0,0
1790534950847,critical,0,0,0,0,0,0,0,21,0,0
1790534950847,default,10,0,0,0,0,0,10,35,0,0
1790534950847,low,10,0,0,0,0,0,10,93,0,0
1790534952847,critical,0,0,0,0,0,0,0,21,0,0
1790534952847,default,10,0,0,0,0,0,10,35,0,0
1790534952847,low,10,0,0,0,0,0,10,93,0,0
1790534954848,critical,0,0,0,0,0,0,0,21,0,0
1790534954848,default,10,0,0,0,0,0,10,35,0,0
1790534954848,low,10,0,0,0,0,0,10,93,0,0
1790534956847,critical,0,0,0,0,0,0,0,21,0,0
1790534956847,default,11,1,0,0,0,0,10,35,0,652
1790534956847,low,10,0,0,0,0,0,10,93,0,0
1790534958873,critical,0,0,0,0,0,0,0,21,0,0
1790534958873,default,11,0,0,0,0,0,11,36,0,0
1790534958873,low,11,0,1,0,0,0,10,93,0,0
1790534960847,critical,0,0,0,0,0,0,0,21,0,0
1790534960847,default,11,0,0,0,0,0,11,36,0,0
1790534960847,low,11,0,1,0,0,0,10,93,0,0
1790534962847,critical,0,0,0,0,0,0,0,21,0,0
1790534962847,default,11,0,0,0,0,0,11,36,0,0
1790534962847,low,11,0,1,0,0,0,10,93,0,0
1790534964824,critical,0,0,0,0,0,0,0,21,0,0
1790534964824,default,11,0,0,0,0,0,11,36,0,0
1790534964824,low,11,0,1,0,0,0,10,93,0,0
1790534966824,critical,0,0,0,0,0,0,0,21,0,0
1790534966824,default,11,0,0,0,0,0,11,36,0,0
1790534966824,low,11,0,1,0,0,0,10,93,0,0
1790534968845,critical,0,0,0,0,0,0,0,21,0,0
1790534968845,default,11,0,0,0,0,0,11,36,0,0
1790534968845,low,11,0,0,0,0,0,11,94,0,0
1790534970824,critical,0,0,0,0,0,0,0,21,0,0
1790534970824,default,11,0,0,0,0,0,11,36,0,0
1790534970824,low,11,0,0,0,0,0,11,94,0,0
1790534972824,critical,0,0,0,0,0,0,0,21,0,0
1790534972824,default,11,0,0,0,0,0,11,36,0,0
1790534972824,low,11,0,0,0,0,0,11,94,0,0
1790534974824,critical,0,0,0,0,0,0,0,21,0,0
1790534974824,default,11,0,0,0,0,0,11,36,0,0
1790534974824,low,11,0,0,0,0,0,11,94,0,0
1790534976823,critical,0,0,0,0,0,0,0,21,0,0
1790534976823,default,11,0,0,0,0,0,11,36,0,0
1790534976823,low,11,0,0,0,0,0,11,94,0,0
1790534978823,critical,0,0,0,0,0,0,0,21,0,0
1790534978823,default,11,0,0,0,0,0,11,36,0,0
1790534978823,low,11,0,0,0,0,0,11,94,0,0
1790534980824,critical,0,0,0,0,0,0,0,21,0,0
1790534980824,default,11,0,0,0,0,0,11,36,0,0
1790534980824,low,11,0,0,0,0,0,11,94,0,0
1790534982824,critical,0,0,0,0,0,0,0,21,0,0
1790534982824,default,11,0,0,0,0,0,11,36,0,0
1790534982824,low,11,0,0,0,0,0,11,94,0,0
1790534984824,critical,0,0,0,0,0,0,0,21,0,0
1790534984824,default,11,0,0,0,0,0,11,36,0,0
1790534984824,low,11,0,0,0,0,0,11,94,0,0
1790534986823,critical,0,0,0,0,0,0,0,21,0,0
1790534986823,default,11,0,0,0,0,0,11,36,0,0
1790534986823,low,11,0,0,0,0,0,11,94,0,0
1790534988824,critical,0,0,0,0,0,0,0,21,0,0
1790534988824,default,11,0,0,0,0,0,11,36,0,0
1790534988824,low,11,0,0,0,0,0,11,94,0,0
1790534990826,critical,0,0,0,0,0,0,0,21,0,0
1790534990826,default,11,0,0,0,0,0,11,36,0,0
1790534990826,low,11,0,0,0,0,0,11,94,0,0
1790534992824,critical,0,0,0,0,0,0,0,21,0,0
1790534992824,default,11,0,0,0,0,0,11,36,0,0
1790534992824,low,11,0,0,0,0,0,11,94,0,0
1790534994806,critical,0,0,0,0,0,0,0,21,0,0
1790534994806,default,11,0,0,0,0,0,11,36,0,0
1790534994806,low,11,0,0,0,0,0,11,94,0,0
1790534996806,critical,0,0,0,0,0,0,0,21,0,0
1790534996806,default,11,0,0,0,0,0,11,36,0,0
1790534996806,low,11,0,0,0,0,0,11,94,0,0
1790534998806,critical,0,0,0,0,0,0,0,21,0,0
1790534998806,default,11,0,0,0,0,0,11,36,0,0
1790534998806,low,11,0,0,0,0,0,11,94,0,0
1790535000807,critical,0,0,0,0,0,0,0,21,0,0
1790535000807,default,11,0,0,0,0,0,11,36,0,0
1790535000807,low,11,0,0,0,0,0,11,94,0,0
1790535002806,critical,0,0,0,0,0,0,0,21,0,0
1790535002806,default,11,0,0,0,0,0,11,36,0,0
1790535002806,low,11,0,0,0,0,0,11,94,0,0
1790535004806,critical,0,0,0,0,0,0,0,21,0,0
1790535004806,default,11,0,0,0,0,0,11,36,0,0
1790535004806,low,11,0,0,0,0,0,11,94,0,0
1790535006806,critical,0,0,0,0,0,0,0,21,0,0
1790535006806,default,11,0,0,0,0,0,11,36,0,0
1790535006806,low,11,0,0,0,0,0,11,94,0,0
1790535008806,critical,0,0,0,0,0,0,0,21,0,0
1790535008806,default,11,0,0,0,0,0,11,36,0,0
1790535008806,low,11,0,0,0,0,0,11,94,0,0
1790535010807,critical,0,0,0,0,0,0,0,21,0,0
1790535010807,default,11,0,0,0,0,0,11,36,0,0
1790535010807,low,11,0,0,0,0,0,11,94,0,0
1790535012807,critical,0,0,0,0,0,0,0,21,0,0
1790535012807,default,11,0,0,0,0,0,11,36,0,0
1790535012807,low,11,0,0,0,0,0,11,94,0,0
1790535014806,critical,0,0,0,0,0,0,0,21,0,0
1790535014806,default,11,0,0,0,0,0,11,36,0,0
1790535014806,low,11,0,0,0,0,0,11,94,0,0
1790535016810,critical,0,0,0,0,0,0,0,21,0,0
1790535016810,default,11,0,0,0,0,0,11,36,0,0
1790535016810,low,11,0,0,0,0,0,11,94,0,0
1790535018806,critical,0,0,0,0,0,0,0,21,0,0
1790535018806,default,11,0,0,0,0,0,11,36,0,0
1790535018806,low,11,0,0,0,0,0,11,94,0,0
1790535020806,critical,0,0,0,0,0,0,0,21,0,0
1790535020806,default,11,0,0,0,0,0,11,36,0,0
1790535020806,low,11,0,0,0,0,0,11,94,0,0
1790535022806,critical,0,0,0,0,0,0,0,21,0,0
1790535022806,default,11,0,0,0,0,0,11,36,0,0
1790535022806,low,11,0,0,0,0,0,11,94,0,0
1790535024787,critical,0,0,0,0,0,0,0,21,0,0
1790535024787,default,11,0,0,0,0,0,11,36,0,0
1790535024787,low,11,0,0,0,0,0,11,94,0,0
1790535026791,critical,0,0,0,0,0,0,0,21,0,0
1790535026791,default,11,0,0,0,0,0,11,36,0,0
1790535026791,low,11,0,0,0,0,0,11,94,0,0
1790535028787,critical,0,0,0,0,0,0,0,21,0,0
1790535028787,default,11,0,0,0,0,0,11,36,0,0
1790535028787,low,11,0,0,0,0,0,11,94,0,0
1790535030787,critical,0,0,0,0,0,0,0,21,0,0
1790535030787,default,11,0,0,0,0,0,11,36,0,0
1790535030787,low,11,0,0,0,0,0,11,94,0,0
1790535032787,critical,0,0,0,0,0,0,0,21,0,0
1790535032787,default,11,0,0,0,0,0,11,36,0,0
1790535032787,low,11,0,0,0,0,0,11,94,0,0
1790535034787,critical,0,0,0,0,0,0,0,21,0,0
1790535034787,default,11,0,0,0,0,0,11,36,0,0
1790535034787,low,11,0,0,0,0,0,11,94,0,0
1790535036787,critical,0,0,0,0,0,0,0,21,0,0
1790535036787,default,11,0,0,0,0,0,11,36,0,0
1790535036787,low,11,0,0,0,0,0,11,94,0,0
1790535038787,critical,0,0,0,0,0,0,0,21,0,0
1790535038787,default,11,0,0,0,0,0,11,36,0,0
1790535038787,low,11,0,0,0,0,0,11,94,0,0
1790535040787,critical,0,0,0,0,0,0,0,21,0,0
1790535040787,default,11,0,0,0,0,0,11,36,0,0
1790535040787,low,11,0,0,0,0,0,11,94,0,0
1790535042787,critical,0,0,0,0,0,0,0,21,0,0
1790535042787,default,11,0,0,0,0,0,11,36,0,0
1790535042787,low,11,0,0,0,0,0,11,94,0,0
1790535044792,critical,0,0,0,0,0,0,0,21,0,0
1790535044792,default,11,0,0,0,0,0,11,36,0,0
1790535044792,low,11,0,0,0,0,0,11,94,0,0
1790535046786,critical,0,0,0,0,0,0,0,21,0,0
1790535046786,default,11,0,0,0,0,0,11,36,0,0
1790535046786,low,11,0,0,0,0,0,11,94,0,0
1790535048787,critical,0,0,0,0,0,0,0,21,0,0
1790535048787,default,11,0,0,0,0,0,11,36,0,0
1790535048787,low,11,0,0,0,0,0,11,94,0,0
1790535050787,critical,0,0,0,0,0,0,0,21,0,0
1790535050787,default,11,0,0,0,0,0,11,36,0,0
1790535050787,low,11,0,0,0,0,0,11,94,0,0
1790535052790,critical,0,0,0,0,0,0,0,21,0,0
1790535052790,default,11,0,0,0,0,0,11,36,0,0
1790535052790,low,11,0,0,0,0,0,11,94,0,0
1790535054772,critical,0,0,0,0,0,0,0,21,0,0
1790535054772,default,11,0,0,0,0,0,11,36,0,0
1790535054772,low,11,0,0,0,0,0,11,94,0,0
1790535056772,critical,0,0,0,0,0,0,0,21,0,0
1790535056772,default,11,0,0,0,0,0,11,36,0,0
1790535056772,low,11,0,0,0,0,0,11,94,0,0
1790535058772,critical,0,0,0,0,0,0,0,21,0,0
1790535058772,default,11,0,0,0,0,0,11,36,0,0
1790535058772,low,11,0,0,0,0,0,11,94,0,0
1790535060796,critical,0,0,0,0,0,0,0,21,0,0
1790535060796,default,11,0,0,0,0,0,11,36,0,0
1790535060796,low,11,0,0,0,0,0,11,95,0,0
1790535062772,critical,0,0,0,0,0,0,0,21,0,0
1790535062772,default,11,0,0,0,0,0,11,36,0,0
1790535062772,low,11,0,0,0,0,0,11,95,0,0
1790535064772,critical,0,0,0,0,0,0,0,21,0,0
1790535064772,default,11,0,0,0,0,0,11,36,0,0
1790535064772,low,11,0,0,0,0,0,11,95,0,0
1790535066812,critical,0,0,0,0,0,0,0,21,0,0
1790535066812,default,11,0,0,0,0,0,11,36,0,0
1790535066812,low,11,0,0,0,0,0,11,95,0,0
1790535068772,critical,0,0,0,0,0,0,0,21,0,0
1790535068772,default,11,0,0,0,0,0,11,36,0,0
1790535068772,low,11,0,0,0,0,0,11,95,0,0
1790535070773,critical,0,0,0,0,0,0,0,21,0,0
1790535070773,default,11,0,0,0,0,0,11,36,0,0
1790535070773,low,11,0,0,0,0,0,11,95,0,0
1790535072772,critical,0,0,0,0,0,0,0,21,0,0
1790535072772,default,11,0,0,0,0,0,11,36,0,0
1790535072772,low,11,0,0,0,0,0,11,95,0,0
1790535074772,critical,0,0,0,0,0,0,0,21,0,0
1790535074772,default,12,1,0,0,0,0,11,36,0,41
1790535074772,low,11,0,0,0,0,0,11,95,0,0
1790535076785,critical,0,0,0,0,0,0,0,21,0,0
1790535076785,default,12,0,1,0,0,0,11,36,0,0
1790535076785,low,11,0,0,0,0,0,11,95,0,0
1790535078777,critical,0,0,0,0,0,0,0,21,0,0
1790535078777,default,12,0,0,0,0,0,12,37,0,0
1790535078777,low,12,0,1,0,0,0,11,95,0,0
1790535080773,critical,0,0,0,0,0,0,0,21,0,0
1790535080773,default,12,0,0,0,0,0,12,37,0,0
1790535080773,low,12,0,1,0,0,0,11,95,0,0
1790535082773,critical,0,0,0,0,0,0,0,21,0,0
1790535082773,default,12,0,0,0,0,0,12,37,0,0
1790535082773,low,12,0,1,0,0,0,11,95,0,0
1790535084783,critical,0,0,0,0,0,0,0,21,0,0
1790535084783,default,12,0,0,0,0,0,12,37,0,0
1790535084783,low,12,0,1,0,0,0,11,95,0,0
1790535086680,critical,0,0,0,0,0,0,0,21,0,0
1790535086680,default,12,0,0,0,0,0,12,37,0,0
1790535086680,low,12,0,1,0,0,0,11,95,0,0
1790535088680,critical,0,0,0,0,0,0,0,21,0,0
1790535088680,default,12,0,0,0,0,0,12,37,0,0
1790535088680,low,12,0,1,0,0,0,11,95,0,0
1790535090680,critical,0,0,0,0,0,0,0,21,0,0
1790535090680,default,12,0,0,0,0,0,12,37,0,0
1790535090680,low,12,0,1,0,0,0,11,95,0,0
1790535092681,critical,0,0,0,0,0,0,0,21,0,0
1790535092681,default,12,0,0,0,0,0,12,37,0,0
1790535092681,low,12,0,0,0,0,0,12,96,0,0
1790535094681,critical,0,0,0,0,0,0,0,21,0,0
1790535094681,default,12,0,0,0,0,0,12,37,0,0
1790535094681,low,12,0,0,0,0,0,12,96,0,0
1790535096681,critical,0,0,0,0,0,0,0,21,0,0
1790535096681,default,12,0,0,0,0,0,12,37,0,0
1790535096681,low,12,0,0,0,0,0,12,96,0,0
1790535098692,critical,0,0,0,0,0,0,0,21,0,0
1790535098692,default,12,0,0,0,0,0,12,37,0,0
1790535098692,low,12,0,0,0,0,0,12,96,0,0
1790535100681,critical,0,0,0,0,0,0,0,21,0,0
1790535100681,default,12,0,0,0,0,0,12,37,0,0
1790535100681,low,12,0,0,0,0,0,12,96,0,0
1790535102681,critical,0,0,0,0,0,0,0,21,0,0
1790535102681,default,12,0,0,0,0,0,12,37,0,0
1790535102681,low,12,0,0,0,0,0,12,96,0,0
1790535104681,critical,0,0,0,0,0,0,0,21,0,0
1790535104681,default,12,0,0,0,0,0,12,37,0,0
1790535104681,low,12,0,0,0,0,0,12,96,0,0
1790535106693,critical,0,0,0,0,0,0,0,21,0,0
1790535106693,default,12,0,0,0,0,0,12,37,0,0
1790535106693,low,12,0,0,0,0,0,12,96,0,0
1790535108709,critical,0,0,0,0,0,0,0,21,0,0
1790535108709,default,12,0,0,0,0,0,12,37,0,0
1790535108709,low,12,0,0,0,0,0,12,96,0,0
1790535110680,critical,0,0,0,0,0,0,0,21,0,0
1790535110680,default,12,0,0,0,0,0,12,37,0,0
1790535110680,low,12,0,0,0,0,0,12,96,0,0
1790535112680,critical,0,0,0,0,0,0,0,21,0,0
1790535112680,default,12,0,0,0,0,0,12,37,0,0
1790535112680,low,12,0,0,0,0,0,12,96,0,0
1790535114705,critical,0,0,0,0,0,0,0,21,0,0
1790535114705,default,12,0,0,0,0,0,12,37,0,0
1790535114705,low,12,0,0,0,0,0,12,96,0,0
1790535116711,critical,0,0,0,0,0,0,0,21,0,0
1790535116711,default,12,0,0,0,0,0,12,37,0,0
1790535116711,low,12,0,0,0,0,0,12,96,0,0
1790535118710,critical,0,0,0,0,0,0,0,21,0,0
1790535118710,default,12,0,0,0,0,0,12,37,0,0
1790535118710,low,12,0,0,0,0,0,12,96,0,0
1790535120710,critical,0,0,0,0,0,0,0,21,0,0
1790535120710,default,12,0,0,0,0,0,12,37,0,0
1790535120710,low,12,0,0,0,0,0,12,96,0,0
1790535122710,critical,0,0,0,0,0,0,0,21,0,0
1790535122710,default,12,0,0,0,0,0,12,37,0,0
1790535122710,low,12,0,0,0,0,0,12,96,0,0
1790535124710,critical,0,0,0,0,0,0,0,21,0,0
1790535124710,default,12,0,0,0,0,0,12,37,0,0
1790535124710,low,12,0,0,0,0,0,12,96,0,0
1790535126710,critical,0,0,0,0,0,0,0,21,0,0
1790535126710,default,12,0,0,0,0,0,12,37,0,0
1790535126710,low,12,0,0,0,0,0,12,96,0,0
1790535128710,critical,0,0,0,0,0,0,0,21,0,0
1790535128710,default,12,0,0,0,0,0,12,37,0,0
1790535128710,low,12,0,0,0,0,0,12,96,0,0
1790535130710,critical,0,0,0,0,0,0,0,21,0,0
1790535130710,default,12,0,0,0,0,0,12,37,0,0
1790535130710,low,12,0,0,0,0,0,12,96,0,0
1790535132710,critical,0,0,0,0,0,0,0,21,0,0
1790535132710,default,12,0,0,0,0,0,12,37,0,0
1790535132710,low,12,0,0,0,0,0,12,96,0,0
1790535134710,critical,0,0,0,0,0,0,0,21,0,0
1790535134710,default,12,0,0,0,0,0,12,37,0,0
1790535134710,low,12,0,0,0,0,0,12,96,0,0
1790535136710,critical,0,0,0,0,0,0,0,21,0,0
1790535136710,default,12,0,0,0,0,0,12,37,0,0
1790535136710,low,12,0,0,0,0,0,12,96,0,0
1790535138720,critical,0,0,0,0,0,0,0,21,0,0
1790535138720,default,12,0,0,0,0,0,12,37,0,0
1790535138720,low,12,0,0,0,0,0,12,96,0,0
1790535140711,critical,0,0,0,0,0,0,0,21,0,0
1790535140711,default,12,0,0,0,0,0,12,37,0,0
1790535140711,low,12,0,0,0,0,0,12,96,0,0
1790535142710,critical,0,0,0,0,0,0,0,21,0,0
1790535142710,default,12,0,0,0,0,0,12,37,0,0
1790535142710,low,12,0,0,0,0,0,12,96,0,0
1790535144710,critical,0,0,0,0,0,0,0,21,0,0
1790535144710,default,12,0,0,0,0,0,12,37,0,0
1790535144710,low,12,0,0,0,0,0,12,96,0,0
1790535146711,critical,0,0,0,0,0,0,0,21,0,0
1790535146711,default,12,0,0,0,0,0,12,37,0,0
1790535146711,low,12,0,0,0,0,0,12,96,0,0
1790535148531,critical,0,0,0,0,0,0,0,21,0,0
1790535148531,default,12,0,0,0,0,0,12,37,0,0
1790535148531,low,12,0,0,0,0,0,12,96,0,0
1790535150532,critical,0,0,0,0,0,0,0,21,0,0
1790535150532,default,12,0,0,0,0,0,12,37,0,0
1790535150532,low,12,0,0,0,0,0,12,96,0,0
1790535152531,critical,0,0,0,0,0,0,0,21,0,0
1790535152531,default,12,0,0,0,0,0,12,37,0,0
1790535152531,low,12,0,0,0,0,0,12,96,0,0
1790535156410,critical,0,0,0,0,0,0,0,21,0,0
1790535156410,default,12,0,0,0,0,0,12,37,0,0
1790535156410,low,12,0,0,0,0,0,12,96,0,0
1790535157226,critical,0,0,0,0,0,0,0,21,0,0
1790535157226,default,12,0,0,0,0,0,12,37,0,0
1790535157226,low,12,0,0,0,0,0,12,96,0,0
1790535158531,critical,0,0,0,0,0,0,0,21,0,0
1790535158531,default,12,0,0,0,0,0,12,37,0,0
1790535158531,low,12,0,0,0,0,0,12,96,0,0
1790535160531,critical,0,0,0,0,0,0,0,21,0,0
1790535160531,default,12,0,0,0,0,0,12,37,0,0
1790535160531,low,12,0,0,0,0,0,12,96,0,0
1790535162532,critical,0,0,0,0,0,0,0,21,0,0
1790535162532,default,12,0,0,0,0,0,12,37,0,0
1790535162532,low,12,0,0,0,0,0,12,96,0,0
1790535164531,critical,0,0,0,0,0,0,0,21,0,0
1790535164531,default,12,0,0,0,0,0,12,37,0,0
1790535164531,low,12,0,0,0,0,0,12,96,0,0
1790535166531,critical,0,0,0,0,0,0,0,21,0,0
1790535166531,default,12,0,0,0,0,0,12,37,0,0
1790535166531,low,12,0,0,0,0,0,12,96,0,0
1790535168535,critical,0,0,0,0,0,0,0,21,0,0
1790535168535,default,12,0,0,0,0,0,12,37,0,0
1790535168535,low,12,0,0,0,0,0,12,96,0,0
1790535170532,critical,0,0,0,0,0,0,0,21,0,0
1790535170532,default,12,0,0,0,0,0,12,37,0,0
1790535170532,low,12,0,0,0,0,0,12,96,0,0
1790535172532,critical,0,0,0,0,0,0,0,21,0,0
1790535172532,default,12,0,0,0,0,0,12,37,0,0
1790535172532,low,12,0,0,0,0,0,12,96,0,0
1790535174535,critical,0,0,0,0,0,0,0,21,0,0
1790535174535,default,12,0,0,0,0,0,12,37,0,0
1790535174535,low,12,0,0,0,0,0,12,96,0,0
1790535176531,critical,0,0,0,0,0,0,0,21,0,0
1790535176531,default,12,0,0,0,0,0,12,37,0,0
1790535176531,low,12,0,0,0,0,0,12,96,0,0
1790535178491,critical,0,0,0,0,0,0,0,21,0,0
1790535178491,default,12,0,0,0,0,0,12,37,0,0
1790535178491,low,12,0,0,0,0,0,12,96,0,0
1790535180471,critical,0,0,0,0,0,0,0,21,0,0
1790535180471,default,12,0,0,0,0,0,12,37,0,0
1790535180471,low,12,0,0,0,0,0,12,96,0,0
1790535182471,critical,0,0,0,0,0,0,0,21,0,0
1790535182471,default,12,0,0,0,0,0,12,37,0,0
1790535182471,low,12,0,0,0,0,0,12,96,0,0
1790535184471,critical,0,0,0,0,0,0,0,21,0,0
1790535184471,default,12,0,0,0,0,0,12,37,0,0
1790535184471,low,12,0,0,0,0,0,12,96,0,0
1790535186471,critical,0,0,0,0,0,0,0,21,0,0
1790535186471,default,12,0,0,0,0,0,12,37,0,0
1790535186471,low,12,0,0,0,0,0,12,96,0,0
1790535188471,critical,0,0,0,0,0,0,0,21,0,0
1790535188471,default,12,0,0,0,0,0,12,37,0,0
1790535188471,low,12,0,0,0,0,0,12,96,0,0
1790535190471,critical,0,0,0,0,0,0,0,21,0,0
1790535190471,default,12,0,0,0,0,0,12,37,0,0
1790535190471,low,12,0,0,0,0,0,12,96,0,0
1790535192471,critical,0,0,0,0,0,0,0,21,0,0
1790535192471,default,12,0,0,0,0,0,12,37,0,0
1790535192471,low,12,0,0,0,0,0,12,96,0,0
1790535194471,critical,0,0,0,0,0,0,0,21,0,0
1790535194471,default,12,0,0,0,0,0,12,37,0,0
1790535194471,low,12,0,0,0,0,0,12,96,0,0
1790535196471,critical,0,0,0,0,0,0,0,21,0,0
1790535196471,default,12,0,0,0,0,0,12,37,0,0
1790535196471,low,12,0,0,0,0,0,12,96,0,0
1790535198471,critical,0,0,0,0,0,0,0,21,0,0
1790535198471,default,12,0,0,0,0,0,12,37,0,0
1790535198471,low,12,0,0,0,0,0,12,96,0,0
1790535200471,critical,0,0,0,0,0,0,0,21,0,0
1790535200471,default,12,0,0,0,0,0,12,37,0,0
1790535200471,low,12,0,0,0,0,0,12,96,0,0
1790535202471,critical,0,0,0,0,0,0,0,21,0,0
1790535202471,default,12,0,0,0,0,0,12,37,0,0
1790535202471,low,12,0,0,0,0,0,12,96,0,0
1790535204471,critical,0,0,0,0,0,0,0,21,0,0
1790535204471,default,12,0,0,0,0,0,12,37,0,0
1790535204471,low,12,0,0,0,0,0,12,96,0,0
1790535206472,critical,0,0,0,0,0,0,0,21,0,0
1790535206472,default,13,0,0,0,0,0,13,38,0,0
1790535206472,low,13,0,1,0,0,0,12,96,0,0
1790535208450,critical,0,0,0,0,0,0,0,21,0,0
1790535208450,default,13,0,0,0,0,0,13,38,0,0
1790535208450,low,13,0,1,0,0,0,12,96,0,0
1790535210450,critical,0,0,0,0,0,0,0,21,0,0
1790535210450,default,13,0,0,0,0,0,13,38,0,0
1790535210450,low,13,0,1,0,0,0,12,96,0,0
1790535212450,critical,0,0,0,0,0,0,0,21,0,0
1790535212450,default,13,0,0,0,0,0,13,38,0,0
1790535212450,low,13,0,1,0,0,0,12,96,0,0
1790535214451,critical,0,0,0,0,0,0,0,21,0,0
1790535214451,default,13,0,0,0,0,0,13,38,0,0
1790535214451,low,13,0,1,0,0,0,12,96,0,0
1790535216475,critical,0,0,0,0,0,0,0,21,0,0
1790535216475,default,13,0,0,0,0,0,13,38,0,0
1790535216475,low,13,0,1,0,0,0,12,96,0,0
1790535218451,critical,0,0,0,0,0,0,0,21,0,0
1790535218451,default,13,0,0,0,0,0,13,38,0,0
1790535218451,low,13,0,1,0,0,0,12,96,0,0
1790535220451,critical,0,0,0,0,0,0,0,21,0,0
1790535220451,default,13,0,0,0,0,0,13,38,0,0
1790535220451,low,13,0,1,0,0,0,12,96,0,0
1790535222928,critical,0,0,0,0,0,0,0,21,0,0
1790535222928,default,13,0,0,0,0,0,13,38,0,0
1790535222928,low,13,0,1,0,0,0,12,96,0,0
1790535224450,critical,0,0,0,0,0,0,0,21,0,0
1790535224450,default,13,0,0,0,0,0,13,38,0,0
1790535224450,low,13,0,1,0,0,0,12,96,0,0
1790535226625,critical,0,0,0,0,0,0,0,21,0,0
1790535226625,default,13,0,0,0,0,0,13,38,0,0
1790535226625,low,13,0,1,0,0,0,12,96,0,0
1790535228457,critical,0,0,0,0,0,0,0,21,0,0
1790535228457,default,13,0,0,0,0,0,13,38,0,0
1790535228457,low,13,0,1,0,0,0,12,96,0,0
1790535230452,critical,0,0,0,0,0,0,0,21,0,0
1790535230452,default,13,0,0,0,0,0,13,38,0,0
1790535230452,low,13,0,1,0,0,0,12,96,0,0
1790535232452,critical,0,0,0,0,0,0,0,21,0,0
1790535232452,default,13,0,0,0,0,0,13,38,0,0
1790535232452,low,13,0,1,0,0,0,12,96,0,0
1790535234470,critical,0,0,0,0,0,0,0,21,0,0
1790535234470,default,13,0,0,0,0,0,13,38,0,0
1790535234470,low,13,0,1,0,0,0,12,96,0,0
1790535236642,critical,0,0,0,0,0,0,0,21,0,0
1790535236642,default,13,0,0,0,0,0,13,38,0,0
1790535236642,low,13,0,1,0,0,0,12,96,0,0
1790535238841,critical,0,0,0,0,0,0,0,21,0,0
1790535238841,default,13,0,0,0,0,0,13,38,0,0
1790535238841,low,13,0,1,0,0,0,12,96,0,0
1790535240436,critical,0,0,0,0,0,0,0,21,0,0
1790535240436,default,13,0,0,0,0,0,13,38,0,0
1790535240436,low,13,0,1,0,0,0,12,96,0,0
1790535242448,critical,0,0,0,0,0,0,0,21,0,0
1790535242448,default,13,0,0,0,0,0,13,38,0,0
1790535242448,low,13,0,1,0,0,0,12,96,0,0
1790535244445,critical,0,0,0,0,0,0,0,21,0,0
1790535244445,default,13,0,0,0,0,0,13,38,0,0
1790535244445,low,13,0,1,0,0,0,12,96,0,0
1790535246423,critical,0,0,0,0,0,0,0,21,0,0
1790535246423,default,13,0,0,0,0,0,13,38,0,0
1790535246423,low,13,0,1,0,0,0,12,96,0,0
1790535248428,critical,0,0,0,0,0,0,0,21,0,0
1790535248428,default,13,0,0,0,0,0,13,38,0,0
1790535248428,low,13,0,1,0,0,0,12,96,0,0
1790535250429,critical,0,0,0,0,0,0,0,21,0,0
1790535250429,default,13,0,0,0,0,0,13,38,0,0
1790535250429,low,13,0,1,0,0,0,12,96,0,0
1790535252422,critical,0,0,0,0,0,0,0,21,0,0
1790535252422,default,13,0,0,0,0,0,13,38,0,0
1790535252422,low,13,0,1,0,0,0,12,96,0,0
1790535254424,critical,0,0,0,0,0,0,0,21,0,0
1790535254424,default,13,0,0,0,0,0,13,38,0,0
1790535254424,low,13,0,1,0,0,0,12,96,0,0
1790535256423,critical,0,0,0,0,0,0,0,21,0,0
1790535256423,default,13,0,0,0,0,0,13,38,0,0
1790535256423,low,13,0,1,0,0,0,12,96,0,0
1790535258443,critical,0,0,0,0,0,0,0,21,0,0
1790535258443,default,13,0,0,0,0,0,13,38,0,0
1790535258443,low,13,0,1,0,0,0,12,96,0,0
1790535260493,critical,0,0,0,0,0,0,0,21,0,0
1790535260493,default,13,0,0,0,0,0,13,38,0,0
1790535260493,low,13,0,1,0,0,0,12,96,0,0
1790535262423,critical,0,0,0,0,0,0,0,21,0,0
1790535262423,default,13,0,0,0,0,0,13,38,0,0
1790535262423,low,13,0,1,0,0,0,12,96,0,0
1790535264753,critical,0,0,0,0,0,0,0,21,0,0
1790535264753,default,13,0,0,0,0,0,13,38,0,0
1790535264753,low,13,0,1,0,0,0,12,96,0,0
1790535266423,critical,0,0,0,0,0,0,0,21,0,0
1790535266423,default,13,0,0,0,0,0,13,38,0,0
1790535266423,low,13,0,1,0,0,0,12,96,0,0
1790535268423,critical,0,0,0,0,0,0,0,21,0,0
1790535268423,default,13,0,0,0,0,0,13,38,0,0
1790535268423,low,13,0,1,0,0,0,12,96,0,0
1790535270387,critical,0,0,0,0,0,0,0,21,0,0
1790535270387,default,13,0,0,0,0,0,13,38,0,0
1790535270387,low,13,0,1,0,0,0,12,96,0,0
1790535272387,critical,0,0,0,0,0,0,0,21,0,0
1790535272387,default,13,0,0,0,0,0,13,38,0,0
1790535272387,low,13,0,1,0,0,0,12,96,0,0
1790535274387,critical,0,0,0,0,0,0,0,21,0,0
1790535274387,default,13,0,0,0,0,0,13,38,0,0
1790535274387,low,13,0,1,0,0,0,12,96,0,0
1790535276389,critical,0,0,0,0,0,0,0,21,0,0
1790535276389,default,13,0,0,0,0,0,13,38,0,0
1790535276389,low,13,0,1,0,0,0,12,96,0,0
1790535278408,critical,0,0,0,0,0,0,0,21,0,0
1790535278408,default,13,0,0,0,0,0,13,38,0,0
1790535278408,low,13,0,1,0,0,0,12,96,0,0
1790535280386,critical,0,0,0,0,0,0,0,21,0,0
1790535280386,default,13,0,0,0,0,0,13,38,0,0
1790535280386,low,13,0,1,0,0,0,12,96,0,0
1790535282388,critical,0,0,0,0,0,0,0,21,0,0
1790535282388,default,13,0,0,0,0,0,13,38,0,0
1790535282388,low,13,0,1,0,0,0,12,96,0,0
1790535284392,critical,0,0,0,0,0,0,0,21,0,0
1790535284392,default,13,0,0,0,0,0,13,38,0,0
1790535284392,low,13,0,1,0,0,0,12,96,0,0
1790535286386,critical,0,0,0,0,0,0,0,21,0,0
1790535286386,default,13,0,0,0,0,0,13,38,0,0
1790535286386,low,13,0,1,0,0,0,12,96,0,0
1790535288386,critical,0,0,0,0,0,0,0,21,0,0
1790535288386,default,13,0,0,0,0,0,13,38,0,0
1790535288386,low,13,0,1,0,0,0,12,96,0,0
1790535290386,critical,0,0,0,0,0,0,0,21,0,0
1790535290386,default,13,0,0,0,0,0,13,38,0,0
1790535290386,low,13,0,1,0,0,0,12,96,0,0
1790535292386,critical,0,0,0,0,0,0,0,21,0,0
1790535292386,default,13,0,0,0,0,0,13,38,0,0
1790535292386,low,13,0,1,0,0,0,12,96,0,0
1790535294386,critical,0,0,0,0,0,0,0,21,0,0
1790535294386,default,13,0,0,0,0,0,13,38,0,0
1790535294386,low,13,0,1,0,0,0,12,96,0,0
1790535296386,critical,0,0,0,0,0,0,0,21,0,0
1790535296386,default,13,0,0,0,0,0,13,38,0,0
1790535296386,low,13,0,1,0,0,0,12,96,0,0
1790535298391,critical,0,0,0,0,0,0,0,21,0,0
1790535298391,default,13,0,0,0,0,0,13,38,0,0
1790535298391,low,13,0,1,0,0,0,12,96,0,0
1790535300386,critical,0,0,0,0,0,0,0,21,0,0
1790535300386,default,13,0,0,0,0,0,13,38,0,0
1790535300386,low,13,0,1,0,0,0,12,96,0,0
1790535302376,critical,0,0,0,0,0,0,0,21,0,0
1790535302376,default,13,0,0,0,0,0,13,38,0,0
1790535302376,low,13,0,1,0,0,0,12,96,0,0
1790535304376,critical,0,0,0,0,0,0,0,21,0,0
1790535304376,default,13,0,0,0,0,0,13,38,0,0
1790535304376,low,13,0,1,0,0,0,12,96,0,0
1790535306374,critical,0,0,0,0,0,0,0,21,0,0
1790535306374,default,13,0,0,0,0,0,13,38,0,0
1790535306374,low,13,0,1,0,0,0,12,96,0,0
1790535308374,critical,0,0,0,0,0,0,0,21,0,0
1790535308374,default,13,0,0,0,0,0,13,38,0,0
1790535308374,low,13,0,1,0,0,0,12,96,0,0
1790535310373,critical,0,0,0,0,0,0,0,21,0,0
1790535310373,default,13,0,0,0,0,0,13,38,0,0
1790535310373,low,13,0,1,0,0,0,12,96,0,0
1790535312373,critical,0,0,0,0,0,0,0,21,0,0
1790535312373,default,13,0,0,0,0,0,13,38,0,0
1790535312373,low,13,0,1,0,0,0,12,96,0,0
1790535314373,critical,0,0,0,0,0,0,0,21,0,0
1790535314373,default,13,0,0,0,0,0,13,38,0,0
1790535314373,low,13,0,1,0,0,0,12,96,0,0
1790535316372,critical,0,0,0,0,0,0,0,21,0,0
1790535316372,default,13,0,0,0,0,0,13,38,0,0
1790535316372,low,13,0,1,0,0,0,12,96,0,0
1790535318378,critical,0,0,0,0,0,0,0,21,0,0
1790535318378,default,13,0,0,0,0,0,13,38,0,0
1790535318378,low,13,0,1,0,0,0,12,96,0,0
1790535320372,critical,0,0,0,0,0,0,0,21,0,0
1790535320372,default,14,1,0,0,0,0,13,38,0,553
1790535320372,low,13,0,1,0,0,0,12,96,0,0
1790535322375,critical,0,0,0,0,0,0,0,21,0,0
1790535322375,default,14,0,0,0,0,0,14,39,0,0
1790535322375,low,14,0,2,0,0,0,12,96,0,0
1790535324418,critical,0,0,0,0,0,0,0,21,0,0
1790535324418,default,14,0,0,0,0,0,14,39,0,0
1790535324418,low,14,0,2,0,0,0,12,96,0,0
1790535326474,critical,0,0,0,0,0,0,0,21,0,0
1790535326474,default,14,0,0,0,0,0,14,39,0,0
1790535326474,low,14,0,2,0,0,0,12,96,0,0
1790535328393,critical,0,0,0,0,0,0,0,21,0,0
1790535328393,default,14,0,0,0,0,0,14,39,0,0
1790535328393,low,14,0,2,0,0,0,12,96,0,0
1790535330380,critical,0,0,0,0,0,0,0,21,0,0
1790535330380,default,14,0,0,0,0,0,14,39,0,0
1790535330380,low,14,0,2,0,0,0,12,96,0,0
1790535332353,critical,0,0,0,0,0,0,0,21,0,0
1790535332353,default,14,0,0,0,0,0,14,39,0,0
1790535332353,low,14,0,2,0,0,0,12,96,0,0
1790535334353,critical,0,0,0,0,0,0,0,21,0,0
1790535334353,default,14,0,0,0,0,0,14,39,0,0
1790535334353,low,14,0,2,0,0,0,12,96,0,0
1790535336353,critical,0,0,0,0,0,0,0,21,0,0
1790535336353,default,14,0,0,0,0,0,14,39,0,0
1790535336353,low,14,0,2,0,0,0,12,96,0,0
1790535338381,critical,0,0,0,0,0,0,0,21,0,0
1790535338381,default,14,0,0,0,0,0,14,39,0,0
1790535338381,low,14,0,2,0,0,0,12,96,0,0
1790535340357,critical,0,0,0,0,0,0,0,21,0,0
1790535340357,default,14,0,0,0,0,0,14,39,0,0
1790535340357,low,14,0,2,0,0,0,12,96,0,0
1790535342353,critical,0,0,0,0,0,0,0,21,0,0
1790535342353,default,14,0,0,0,0,0,14,39,0,0
1790535342353,low,14,0,2,0,0,0,12,96,0,0
1790535344354,critical,0,0,0,0,0,0,0,21,0,0
1790535344354,default,14,0,0,0,0,0,14,39,0,0
1790535344354,low,14,0,2,0,0,0,12,96,0,0
1790535346361,critical,0,0,0,0,0,0,0,21,0,0
1790535346361,default,14,0,0,0,0,0,14,39,0,0
1790535346361,low,14,0,2,0,0,0,12,96,0,0
1790535348374,critical,0,0,0,0,0,0,0,21,0,0
1790535348374,default,14,0,0,0,0,0,14,39,0,0
1790535348374,low,14,0,2,0,0,0,12,96,0,0
1790535350360,critical,0,0,0,0,0,0,0,21,0,0
1790535350360,default,14,0,0,0,0,0,14,39,0,0
1790535350360,low,14,0,2,0,0,0,12,96,0,0
1790535352359,critical,0,0,0,0,0,0,0,21,0,0
1790535352359,default,14,0,0,0,0,0,14,39,0,0
1790535352359,low,14,0,2,0,0,0,12,96,0,0
1790535354368,critical,0,0,0,0,0,0,0,21,0,0
1790535354368,default,14,0,0,0,0,0,14,39,0,0
1790535354368,low,14,0,2,0,0,0,12,96,0,0
1790535356667,critical,0,0,0,0,0,0,0,21,0,0
1790535356667,default,14,0,0,0,0,0,14,39,0,0
1790535356667,low,14,0,2,0,0,0,12,96,0,0
1790535365902,critical,0,0,0,0,0,0,0,21,0,0
1790535365902,default,14,0,0,0,0,0,14,39,0,0
1790535365902,low,14,0,2,0,0,0,12,96,0,0
1790535368686,critical,0,0,0,0,0,0,0,21,0,0
1790535368686,default,14,0,0,0,0,0,14,39,0,0
1790535368686,low,14,0,2,0,0,0,12,96,0,0
1790535370388,critical,0,0,0,0,0,0,0,21,0,0
1790535370388,default,14,0,0,0,0,0,14,39,0,0
1790535370388,low,15,1,2,0,0,0,12,96,0,10983
1790535377130,critical,0,0,0,0,0,0,0,21,0,0
1790535377130,default,14,0,0,0,0,0,14,39,0,0
1790535377130,low,15,1,2,0,0,0,12,96,0,11136
1790535378360,critical,0,0,0,0,0,0,0,21,0,0
1790535378360,default,14,0,0,0,0,0,14,39,0,0
1790535378360,low,15,1,2,0,0,0,12,96,0,13390
1790535380356,critical,0,0,0,0,0,0,0,21,0,0
1790535380356,default,14,0,0,0,0,0,14,39,0,0
1790535380356,low,15,0,3,0,0,0,12,96,0,0
1790535382430,critical,0,0,0,0,0,0,0,21,0,0
1790535382430,default,14,0,0,0,0,0,14,39,0,0
1790535382430,low,15,0,3,0,0,0,12,96,0,0
1790535384542,critical,0,0,0,0,0,0,0,21,0,0
1790535384542,default,14,0,0,0,0,0,14,39,0,0
1790535384542,low,14,0,2,0,0,0,12,97,0,0
1790535387087,critical,0,0,0,0,0,0,0,21,0,0
1790535387087,default,14,0,0,0,0,0,14,39,0,0
1790535387087,low,14,0,2,0,0,0,12,97,0,0
1790535388304,critical,0,0,0,0,0,0,0,21,0,0
1790535388304,default,14,0,0,0,0,0,14,39,0,0
1790535388304,low,14,0,2,0,0,0,12,97,0,0
1790535390404,critical,0,0,0,0,0,0,0,21,0,0
1790535390404,default,14,0,0,0,0,0,14,39,0,0
1790535390404,low,14,0,2,0,0,0,12,97,0,0
1790535392378,critical,0,0,0,0,0,0,0,21,0,0
1790535392378,default,14,0,0,0,0,0,14,39,0,0
1790535392378,low,14,0,2,0,0,0,12,97,0,0
1790535394301,critical,0,0,0,0,0,0,0,21,0,0
1790535394301,default,14,0,0,0,0,0,14,39,0,0
1790535394301,low,14,0,2,0,0,0,12,97,0,0
1790535396300,critical,0,0,0,0,0,0,0,21,0,0
1790535396300,default,14,0,0,0,0,0,14,39,0,0
1790535396300,low,14,0,2,0,0,0,12,97,0,0
1790535398300,critical,0,0,0,0,0,0,0,21,0,0
1790535398300,default,14,0,0,0,0,0,14,39,0,0
1790535398300,low,14,0,2,0,0,0,12,97,0,0
1790535400299,critical,0,0,0,0,0,0,0,21,0,0
1790535400299,default,14,0,0,0,0,0,14,39,0,0
1790535400299,low,14,0,2,0,0,0,12,97,0,0
1790535402303,critical,0,0,0,0,0,0,0,21,0,0
1790535402303,default,14,0,0,0,0,0,14,39,0,0
1790535402303,low,14,0,2,0,0,0,12,97,0,0
1790535404310,critical,0,0,0,0,0,0,0,21,0,0
1790535404310,default,14,0,0,0,0,0,14,39,0,0
1790535404310,low,14,0,2,0,0,0,12,97,0,0
1790535406300,critical,0,0,0,0,0,0,0,21,0,0
1790535406300,default,14,0,0,0,0,0,14,39,0,0
1790535406300,low,14,0,2,0,0,0,12,97,0,0
1790535408322,critical,0,0,0,0,0,0,0,21,0,0
1790535408322,default,14,0,0,0,0,0,14,39,0,0
1790535408322,low,14,0,2,0,0,0,12,97,0,0
1790535410300,critical,0,0,0,0,0,0,0,21,0,0
1790535410300,default,14,0,0,0,0,0,14,39,0,0
1790535410300,low,14,0,2,0,0,0,12,97,0,0
1790535412300,critical,0,0,0,0,0,0,0,21,0,0
1790535412300,default,14,0,0,0,0,0,14,39,0,0
1790535412300,low,14,0,2,0,0,0,12,97,0,0
1790535414299,critical,0,0,0,0,0,0,0,21,0,0
1790535414299,default,14,0,0,0,0,0,14,39,0,0
1790535414299,low,14,0,2,0,0,0,12,97,0,0
1790535416300,critical,0,0,0,0,0,0,0,21,0,0
1790535416300,default,14,0,0,0,0,0,14,39,0,0
1790535416300,low,14,0,2,0,0,0,12,97,0,0
1790535418299,critical,0,0,0,0,0,0,0,21,0,0
1790535418299,default,14,0,0,0,0,0,14,39,0,0
1790535418299,low,14,0,2,0,0,0,12,97,0,0
1790535420300,critical,0,0,0,0,0,0,0,21,0,0
1790535420300,default,14,0,0,0,0,0,14,39,0,0
1790535420300,low,14,0,2,0,0,0,12,97,0,0
1790535422300,critical,0,0,0,0,0,0,0,21,0,0
1790535422300,default,14,0,0,0,0,0,14,39,0,0
1790535422300,low,14,0,2,0,0,0,12,97,0,0
1790535424301,critical,0,0,0,0,0,0,0,21,0,0
1790535424301,default,14,0,0,0,0,0,14,39,0,0
1790535424301,low,14,0,2,0,0,0,12,97,0,0
1790535426299,critical,0,0,0,0,0,0,0,21,0,0
1790535426299,default,14,0,0,0,0,0,14,39,0,0
1790535426299,low,14,0,2,0,0,0,12,97,0,0
1790535428300,critical,0,0,0,0,0,0,0,21,0,0
1790535428300,default,14,0,0,0,0,0,14,39,0,0
1790535428300,low,14,0,2,0,0,0,12,97,0,0
1790535430300,critical,0,0,0,0,0,0,0,21,0,0
1790535430300,default,14,0,0,0,0,0,14,39,0,0
1790535430300,low,14,0,2,0,0,0,12,97,0,0
1790535432299,critical,0,0,0,0,0,0,0,21,0,0
1790535432299,default,14,0,0,0,0,0,14,39,0,0
1790535432299,low,14,0,2,0,0,0,12,97,0,0
1790535434300,critical,0,0,0,0,0,0,0,21,0,0
1790535434300,default,14,0,0,0,0,0,14,39,0,0
1790535434300,low,14,0,2,0,0,0,12,97,0,0
1790535436300,critical,0,0,0,0,0,0,0,21,0,0
1790535436300,default,14,0,0,0,0,0,14,39,0,0
1790535436300,low,14,0,2,0,0,0,12,97,0,0
1790535438300,critical,0,0,0,0,0,0,0,21,0,0
1790535438300,default,14,0,0,0,0,0,14,39,0,0
1790535438300,low,14,0,2,0,0,0,12,97,0,0
1790535440294,critical,0,0,0,0,0,0,0,21,0,0
1790535440294,default,14,0,0,0,0,0,14,39,0,0
1790535440294,low,14,0,2,0,0,0,12,97,0,0
1790535442295,critical,0,0,0,0,0,0,0,21,0,0
1790535442295,default,14,0,0,0,0,0,14,39,0,0
1790535442295,low,14,0,2,0,0,0,12,97,0,0
1790535444294,critical,0,0,0,0,0,0,0,21,0,0
1790535444294,default,14,0,0,0,0,0,14,39,0,0
1790535444294,low,14,0,2,0,0,0,12,97,0,0
1790535446294,critical,0,0,0,0,0,0,0,21,0,0
1790535446294,default,14,0,0,0,0,0,14,39,0,0
1790535446294,low,14,0,2,0,0,0,12,97,0,0
1790535448299,critical,0,0,0,0,0,0,0,21,0,0
1790535448299,default,14,0,0,0,0,0,14,39,0,0
1790535448299,low,14,0,2,0,0,0,12,97,0,0
1790535450294,critical,0,0,0,0,0,0,0,21,0,0
1790535450294,default,14,0,0,0,0,0,14,39,0,0
1790535450294,low,14,0,2,0,0,0,12,97,0,0
1790535452371,critical,0,0,0,0,0,0,0,21,0,0
1790535452371,default,14,0,0,0,0,0,14,39,0,0
1790535452371,low,14,0,2,0,0,0,12,97,0,0
1790535454294,critical,0,0,0,0,0,0,0,21,0,0
1790535454294,default,14,0,0,0,0,0,14,39,0,0
1790535454294,low,14,0,2,0,0,0,12,97,0,0
1790535456334,critical,0,0,0,0,0,0,0,21,0,0
1790535456334,default,14,0,0,0,0,0,14,39,0,0
1790535456334,low,14,0,2,0,0,0,12,97,0,0
1790535458294,critical,0,0,0,0,0,0,0,21,0,0
1790535458294,default,14,0,0,0,0,0,14,39,0,0
1790535458294,low,14,0,2,0,0,0,12,97,0,0
1790535460294,critical,0,0,0,0,0,0,0,21,0,0
1790535460294,default,14,0,0,0,0,0,14,39,0,0
1790535460294,low,14,0,2,0,0,0,12,97,0,0
1790535462303,critical,0,0,0,0,0,0,0,21,0,0
1790535462303,default,14,0,0,0,0,0,14,39,0,0
1790535462303,low,14,0,2,0,0,0,12,97,0,0
1790535464294,critical,0,0,0,0,0,0,0,21,0,0
1790535464294,default,14,0,0,0,0,0,14,39,0,0
1790535464294,low,14,0,1,0,0,0,13,98,0,0
1790535466294,critical,0,0,0,0,0,0,0,21,0,0
1790535466294,default,14,0,0,0,0,0,14,39,0,0
1790535466294,low,14,0,1,0,0,0,13,98,0,0
1790535468294,critical,0,0,0,0,0,0,0,21,0,0
1790535468294,default,14,0,0,0,0,0,14,39,0,0
1790535468294,low,14,0,1,0,0,0,13,98,0,0
1790535470288,critical,0,0,0,0,0,0,0,21,0,0
1790535470288,default,14,0,0,0,0,0,14,39,0,0
1790535470288,low,14,0,1,0,0,0,13,98,0,0
1790535472288,critical,0,0,0,0,0,0,0,21,0,0
1790535472288,default,14,0,0,0,0,0,14,39,0,0
1790535472288,low,14,0,1,0,0,0,13,98,0,0
1790535474287,critical,0,0,0,0,0,0,0,21,0,0
1790535474287,default,14,0,0,0,0,0,14,39,0,0
1790535474287,low,14,0,1,0,0,0,13,98,0,0
1790535476288,critical,0,0,0,0,0,0,0,21,0,0
1790535476288,default,14,0,0,0,0,0,14,39,0,0
1790535476288,low,14,0,1,0,0,0,13,98,0,0
1790535478288,critical,0,0,0,0,0,0,0,21,0,0
1790535478288,default,14,0,0,0,0,0,14,39,0,0
1790535478288,low,14,0,1,0,0,0,13,98,0,0
1790535480288,critical,0,0,0,0,0,0,0,21,0,0
1790535480288,default,14,0,0,0,0,0,14,39,0,0
1790535480288,low,14,0,1,0,0,0,13,98,0,0
1790535482288,critical,0,0,0,0,0,0,0,21,0,0
1790535482288,default,14,0,0,0,0,0,14,39,0,0
1790535482288,low,14,0,1,0,0,0,13,98,0,0
1790535484288,critical,0,0,0,0,0,0,0,21,0,0
1790535484288,default,14,0,0,0,0,0,14,39,0,0
1790535484288,low,14,0,1,0,0,0,13,98,0,0
1790535486288,critical,0,0,0,0,0,0,0,21,0,0
1790535486288,default,14,0,0,0,0,0,14,39,0,0
1790535486288,low,14,0,1,0,0,0,13,98,0,0
1790535488288,critical,0,0,0,0,0,0,0,21,0,0
1790535488288,default,14,0,0,0,0,0,14,39,0,0
1790535488288,low,14,0,1,0,0,0,13,98,0,0
1790535490288,critical,0,0,0,0,0,0,0,21,0,0
1790535490288,default,14,0,0,0,0,0,14,39,0,0
1790535490288,low,14,0,1,0,0,0,13,98,0,0
1790535492288,critical,0,0,0,0,0,0,0,21,0,0
1790535492288,default,14,0,0,0,0,0,14,39,0,0
1790535492288,low,14,0,1,0,0,0,13,98,0,0
1790535494288,critical,0,0,0,0,0,0,0,21,0,0
1790535494288,default,14,0,0,0,0,0,14,39,0,0
1790535494288,low,14,0,1,0,0,0,13,98,0,0
1790535496288,critical,0,0,0,0,0,0,0,21,0,0
1790535496288,default,14,0,0,0,0,0,14,39,0,0
1790535496288,low,14,0,1,0,0,0,13,98,0,0
1790535498288,critical,0,0,0,0,0,0,0,21,0,0
1790535498288,default,14,0,0,0,0,0,14,39,0,0
1790535498288,low,14,0,1,0,0,0,13,98,0,0
1790535500282,critical,0,0,0,0,0,0,0,21,0,0
1790535500282,default,14,0,0,0,0,0,14,39,0,0
1790535500282,low,14,0,1,0,0,0,13,98,0,0
1790535502282,critical,0,0,0,0,0,0,0,21,0,0
1790535502282,default,14,0,0,0,0,0,14,39,0,0
1790535502282,low,14,0,1,0,0,0,13,98,0,0
1790535504282,critical,0,0,0,0,0,0,0,21,0,0
1790535504282,default,14,0,0,0,0,0,14,39,0,0
1790535504282,low,14,0,1,0,0,0,13,98,0,0
1790535506282,critical,0,0,0,0,0,0,0,21,0,0
1790535506282,default,14,0,0,0,0,0,14,39,0,0
1790535506282,low,14,0,1,0,0,0,13,98,0,0
1790535508282,critical,0,0,0,0,0,0,0,21,0,0
1790535508282,default,14,0,0,0,0,0,14,39,0,0
1790535508282,low,14,0,1,0,0,0,13,98,0,0
1790535510282,critical,0,0,0,0,0,0,0,21,0,0
1790535510282,default,14,0,0,0,0,0,14,39,0,0
1790535510282,low,14,0,1,0,0,0,13,98,0,0
1790535512295,critical,0,0,0,0,0,0,0,21,0,0
1790535512295,default,14,0,0,0,0,0,14,39,0,0
1790535512295,low,14,0,1,0,0,0,13,98,0,0
1790535514282,critical,0,0,0,0,0,0,0,21,0,0
1790535514282,default,14,0,0,0,0,0,14,39,0,0
1790535514282,low,14,0,1,0,0,0,13,98,0,0
1790535516282,critical,0,0,0,0,0,0,0,21,0,0
1790535516282,default,14,0,0,0,0,0,14,39,0,0
1790535516282,low,14,0,1,0,0,0,13,98,0,0
1790535518282,critical,0,0,0,0,0,0,0,21,0,0
1790535518282,default,14,0,0,0,0,0,14,39,0,0
1790535518282,low,14,0,1,0,0,0,13,98,0,0
1790535520282,critical,0,0,0,0,0,0,0,21,0,0
1790535520282,default,14,0,0,0,0,0,14,39,0,0
1790535520282,low,14,0,1,0,0,0,13,98,0,0
1790535522281,critical,0,0,0,0,0,0,0,21,0,0
1790535522281,default,14,0,0,0,0,0,14,39,0,0
1790535522281,low,14,0,1,0,0,0,13,98,0,0
1790535524282,critical,0,0,0,0,0,0,0,21,0,0
1790535524282,default,14,0,0,0,0,0,14,39,0,0
1790535524282,low,14,0,0,0,0,0,14,99,0,0
1790535526281,critical,0,0,0,0,0,0,0,21,0,0
1790535526281,default,14,0,0,0,0,0,14,39,0,0
1790535526281,low,14,0,0,0,0,0,14,99,0,0
1790535528282,critical,0,0,0,0,0,0,0,21,0,0
1790535528282,default,14,0,0,0,0,0,14,39,0,0
1790535528282,low,14,0,0,0,0,0,14,99,0,0
1790535530277,critical,0,0,0,0,0,0,0,21,0,0
1790535530277,default,14,0,0,0,0,0,14,39,0,0
1790535530277,low,14,0,0,0,0,0,14,99,0,0
1790535532277,critical,0,0,0,0,0,0,0,21,0,0
1790535532277,default,14,0,0,0,0,0,14,39,0,0
1790535532277,low,14,0,0,0,0,0,14,99,0,0
1790535534276,critical,0,0,0,0,0,0,0,21,0,0
1790535534276,default,14,0,0,0,0,0,14,39,0,0
1790535534276,low,14,0,0,0,0,0,14,99,0,0
1790535536277,critical,0,0,0,0,0,0,0,21,0,0
1790535536277,default,14,0,0,0,0,0,14,39,0,0
1790535536277,low,14,0,0,0,0,0,14,99,0,0
1790535538277,critical,0,0,0,0,0,0,0,21,0,0
1790535538277,default,14,0,0,0,0,0,14,39,0,0
1790535538277,low,14,0,0,0,0,0,14,99,0,0
1790535540277,critical,0,0,0,0,0,0,0,21,0,0
1790535540277,default,14,0,0,0,0,0,14,39,0,0
1790535540277,low,14,0,0,0,0,0,14,99,0,0
1790535542277,critical,0,0,0,0,0,0,0,21,0,0
1790535542277,default,14,0,0,0,0,0,14,39,0,0
1790535542277,low,14,0,0,0,0,0,14,99,0,0
