task_id,tipo,cola,estado,reintentos,completado_ts_ms,ultimo_error
scan:2cc0f800-06e0-4f9b-a95c-b4a6ec1cf0ee,media:scan,default,completed,0,1790532579000,
scan:539f6ad3-cec7-4279-af3f-d34eda0961a8,media:scan,default,completed,0,1790532579000,
scan:d872fb74-f3ba-43e4-a209-7d89e0deb4cc,media:scan,default,completed,0,1790532592000,
scan:fe66914b-e08a-49c5-8a3c-8c0f5b30851e,media:scan,default,completed,0,1790532593000,
scan:69cb5e65-3901-4414-9153-011d6828fa4c,media:scan,default,completed,0,1790534029000,
scan:878c170a-6502-4ec7-a6d1-9bb9d6b4ec10,media:scan,default,completed,0,1790534146000,
scan:e312c929-abff-488e-92e3-01fa575ea28e,media:scan,default,completed,0,1790534207000,
scan:26d84eb9-5ddc-4140-b3e9-69bef120adb3,media:scan,default,completed,0,1790534269000,
scan:846f76ce-5268-4678-b84e-ff10ff4d69b0,media:scan,default,completed,0,1790534720000,
scan:ec78f16c-72c7-4667-9963-c3f526b95df1,media:scan,default,completed,0,1790534837000,
scan:21c4d356-c223-466d-a802-b237d198a654,media:scan,default,completed,0,1790534957000,
scan:4dbbc44b-825c-439c-ad1b-19d34c9b22c4,media:scan,default,completed,0,1790535077000,
scan:3b67d34b-648a-401e-adbc-8318bf89dfa7,media:scan,default,completed,0,1790535205000,
scan:0f4bca88-db3f-4b5f-89a4-9e347196c194,media:scan,default,completed,0,1790535320000,
hls:2cc0f800-06e0-4f9b-a95c-b4a6ec1cf0ee,media:transcode,low,completed,0,1790532615000,
hls:fe66914b-e08a-49c5-8a3c-8c0f5b30851e,media:transcode,low,completed,0,1790532616000,
hls:539f6ad3-cec7-4279-af3f-d34eda0961a8,media:transcode,low,completed,0,1790532691000,
hls:d872fb74-f3ba-43e4-a209-7d89e0deb4cc,media:transcode,low,completed,0,1790532836000,
hls:69cb5e65-3901-4414-9153-011d6828fa4c,media:transcode,low,completed,0,1790534043000,
hls:878c170a-6502-4ec7-a6d1-9bb9d6b4ec10,media:transcode,low,completed,0,1790534166000,
hls:26d84eb9-5ddc-4140-b3e9-69bef120adb3,media:transcode,low,completed,0,1790534279000,
hls:e312c929-abff-488e-92e3-01fa575ea28e,media:transcode,low,completed,0,1790534281000,
hls:846f76ce-5268-4678-b84e-ff10ff4d69b0,media:transcode,low,completed,0,1790534744000,
hls:ec78f16c-72c7-4667-9963-c3f526b95df1,media:transcode,low,completed,0,1790534920000,
hls:21c4d356-c223-466d-a802-b237d198a654,media:transcode,low,completed,0,1790534966000,
hls:4dbbc44b-825c-439c-ad1b-19d34c9b22c4,media:transcode,low,completed,0,1790535092000,
hls:0f4bca88-db3f-4b5f-89a4-9e347196c194,media:transcode,low,completed,0,1790535463000,
hls:3b67d34b-648a-401e-adbc-8318bf89dfa7,media:transcode,low,completed,0,1790535522000,
