ts_ms,host,contenedor,cpu_pct,mem_mb,mem_limite_mb,mem_pct,red_rx_mb,red_tx_mb,disco_lectura_mb,disco_escritura_mb,disco_usado_pct
1790534100469472256,local,mooc-platform-worker-1,7.61,120.8,3734.5,3.23,122.07,223.16,534.06,259.40,
1790534100469472256,local,mooc-platform-api-1,0.20,42.5,3734.5,1.14,0.82,2.11,97.27,0.16,
1790534100469472256,local,mooc-platform-grafana-1,1.43,580.4,3734.5,15.54,0.18,0.03,1802.44,14.69,
1790534100469472256,local,mooc-platform-postgres-1,0.00,46.3,3734.5,1.24,0.60,0.41,54.65,23.56,
1790534100469472256,local,mooc-platform-redis-1,1.78,15.5,3734.5,0.41,4.21,1.03,61.42,5.38,
1790534100469472256,local,mooc-platform-jaeger-1,0.03,43.9,3734.5,1.18,0.59,0.03,129.70,0.24,
1790534100469472256,local,mooc-platform-minio-1,0.03,196.1,3734.5,5.25,279.43,121.12,364.30,299.45,
1790534100469472256,local,mooc-platform-mailpit-1,0.00,30.1,3734.5,0.81,0.00,0.00,49.59,0.66,
1790534100469472256,local,mooc-platform-prometheus-1,1.04,88.2,3734.5,2.36,0.96,0.15,237.46,2.50,
1790534100469472256,local,host,25.8,1789.6,3734.6,47.9,453.44,7.64,15527.87,9937.22,1
1790534111347932658,local,mooc-platform-worker-1,1.13,119.1,3734.5,3.19,122.07,223.16,534.06,259.40,
1790534111347932658,local,mooc-platform-api-1,0.60,42.9,3734.5,1.15,0.83,2.14,97.27,0.16,
1790534111347932658,local,mooc-platform-grafana-1,5.74,573.4,3734.5,15.35,0.18,0.03,1802.44,14.97,
1790534111347932658,local,mooc-platform-postgres-1,0.00,46.6,3734.5,1.25,0.60,0.41,54.65,23.56,
1790534111347932658,local,mooc-platform-redis-1,0.72,15.2,3734.5,0.41,4.26,1.06,61.42,5.42,
1790534111347932658,local,mooc-platform-jaeger-1,0.06,43.7,3734.5,1.17,0.59,0.03,129.70,0.29,
1790534111347932658,local,mooc-platform-minio-1,0.39,194.1,3734.5,5.20,279.43,121.12,364.30,299.45,
1790534111347932658,local,mooc-platform-mailpit-1,2.55,29.6,3734.5,0.79,0.00,0.00,49.59,0.66,
1790534111347932658,local,mooc-platform-prometheus-1,0.36,88.9,3734.5,2.38,0.97,0.15,237.46,2.64,
1790534111347932658,local,host,44.3,1888.0,3734.6,50.6,453.44,7.64,15571.25,9940.67,1
1790534122109681446,local,mooc-platform-worker-1,0.43,100.3,3734.5,2.69,122.07,223.16,534.06,259.40,
1790534122109681446,local,mooc-platform-api-1,0.00,37.9,3734.5,1.01,0.83,2.14,97.27,0.20,
1790534122109681446,local,mooc-platform-grafana-1,1.55,512.8,3734.5,13.73,0.18,0.03,1802.44,16.59,
1790534122109681446,local,mooc-platform-postgres-1,0.15,43.5,3734.5,1.16,0.60,0.41,54.65,24.03,
1790534122109681446,local,mooc-platform-redis-1,0.97,15.8,3734.5,0.42,4.33,1.08,62.85,5.54,
1790534122109681446,local,mooc-platform-jaeger-1,0.05,39.7,3734.5,1.06,0.59,0.03,129.70,0.42,
1790534122109681446,local,mooc-platform-minio-1,1.72,177.2,3734.5,4.74,279.43,121.12,364.30,299.45,
1790534122109681446,local,mooc-platform-mailpit-1,0.00,25.9,3734.5,0.69,0.00,0.00,49.69,0.73,
1790534122109681446,local,mooc-platform-prometheus-1,2.83,82.6,3734.5,2.21,0.97,0.15,238.42,2.97,
1790534122109681446,local,host,38.1,2012.0,3734.6,53.9,453.45,7.65,15616.00,9956.71,1
1790534132815301590,local,mooc-platform-worker-1,0.29,99.5,3734.5,2.66,122.07,223.16,534.06,259.40,
1790534132815301590,local,mooc-platform-api-1,11.27,40.0,3734.5,1.07,0.83,2.15,97.27,0.20,
1790534132815301590,local,mooc-platform-grafana-1,1.05,512.1,3734.5,13.71,0.18,0.03,1811.98,16.59,
1790534132815301590,local,mooc-platform-postgres-1,16.93,46.8,3734.5,1.25,0.61,0.41,54.65,24.03,
1790534132815301590,local,mooc-platform-redis-1,0.84,16.2,3734.5,0.43,4.39,1.11,62.85,5.56,
1790534132815301590,local,mooc-platform-jaeger-1,0.03,39.5,3734.5,1.06,0.59,0.03,129.70,0.42,
1790534132815301590,local,mooc-platform-minio-1,15.00,177.9,3734.5,4.76,279.43,121.12,365.26,299.45,
1790534132815301590,local,mooc-platform-mailpit-1,22.61,30.8,3734.5,0.82,0.00,0.00,50.35,0.73,
1790534132815301590,local,mooc-platform-prometheus-1,0.35,81.7,3734.5,2.19,0.98,0.15,239.37,2.97,
1790534132815301590,local,host,25.0,2013.7,3734.6,53.9,453.45,7.65,15626.11,9957.06,1
1790534141541269353,local,mooc-platform-worker-1,0.11,100.8,3734.5,2.70,122.07,223.16,535.01,259.40,
1790534141541269353,local,mooc-platform-api-1,0.00,39.1,3734.5,1.05,0.83,2.16,97.27,0.20,
1790534141541269353,local,mooc-platform-grafana-1,1.20,511.8,3734.5,13.70,0.18,0.03,1811.98,16.59,
1790534141541269353,local,mooc-platform-postgres-1,2.18,46.2,3734.5,1.24,0.61,0.41,54.65,24.13,
1790534141541269353,local,mooc-platform-redis-1,0.47,16.6,3734.5,0.44,4.43,1.13,62.85,5.58,
1790534141541269353,local,mooc-platform-jaeger-1,0.03,39.8,3734.5,1.07,0.60,0.03,129.70,0.42,
1790534141541269353,local,mooc-platform-minio-1,37.87,183.6,3734.5,4.92,279.43,124.93,370.98,299.45,
1790534141541269353,local,mooc-platform-mailpit-1,2.67,30.3,3734.5,0.81,0.00,0.00,50.35,0.73,
1790534141541269353,local,mooc-platform-prometheus-1,4.91,83.5,3734.5,2.23,0.98,0.15,239.37,2.97,
1790534141541269353,local,host,5.3,2009.5,3734.6,53.8,453.45,7.65,15633.33,9958.38,1
1790534148757579223,local,mooc-platform-worker-1,110.73,167.5,3734.5,4.49,123.98,223.16,551.22,259.40,
1790534148757579223,local,mooc-platform-api-1,0.00,38.5,3734.5,1.03,0.85,2.19,97.27,0.20,
1790534148757579223,local,mooc-platform-grafana-1,11.64,510.4,3734.5,13.67,0.18,0.03,1811.98,16.78,
1790534148757579223,local,mooc-platform-postgres-1,12.30,46.3,3734.5,1.24,0.62,0.42,54.65,24.41,
1790534148757579223,local,mooc-platform-redis-1,12.11,15.8,3734.5,0.42,4.47,1.14,62.85,5.61,
1790534148757579223,local,mooc-platform-jaeger-1,0.09,40.1,3734.5,1.07,0.61,0.03,129.70,0.43,
1790534148757579223,local,mooc-platform-minio-1,35.10,188.2,3734.5,5.04,280.38,130.65,375.75,300.41,
1790534148757579223,local,mooc-platform-mailpit-1,48.95,36.9,3734.5,0.99,0.00,0.00,50.35,0.73,
1790534148757579223,local,mooc-platform-prometheus-1,12.99,83.1,3734.5,2.22,0.98,0.15,239.37,3.00,
1790534148757579223,local,host,18.5,2065.0,3734.6,55.3,453.45,7.65,15661.26,9961.68,1
1790534156853839674,local,mooc-platform-worker-1,302.01,260.7,3734.5,6.98,123.98,223.16,554.08,259.40,
1790534156853839674,local,mooc-platform-api-1,11.62,39.4,3734.5,1.05,0.86,2.20,97.27,0.21,
1790534156853839674,local,mooc-platform-grafana-1,22.57,481.2,3734.5,12.88,0.18,0.03,1811.98,17.36,
1790534156853839674,local,mooc-platform-postgres-1,4.97,44.8,3734.5,1.20,0.62,0.43,54.65,24.80,
1790534156853839674,local,mooc-platform-redis-1,1.72,15.3,3734.5,0.41,4.53,1.17,62.94,5.67,
1790534156853839674,local,mooc-platform-jaeger-1,0.04,37.3,3734.5,1.00,0.61,0.03,129.70,0.46,
1790534156853839674,local,mooc-platform-minio-1,0.29,183.8,3734.5,4.92,280.38,132.56,378.61,300.41,
1790534156853839674,local,mooc-platform-mailpit-1,0.00,27.7,3734.5,0.74,0.00,0.00,50.35,0.77,
1790534156853839674,local,mooc-platform-prometheus-1,5.86,79.0,3734.5,2.11,0.99,0.15,240.33,3.10,
1790534156853839674,local,host,52.7,2083.2,3734.6,55.8,453.45,7.65,15691.50,9969.81,1
1790534166677083962,local,mooc-platform-worker-1,118.46,107.9,3734.5,2.89,123.98,229.84,557.90,259.40,
1790534166677083962,local,mooc-platform-api-1,13.91,38.2,3734.5,1.02,0.86,2.21,97.27,0.21,
1790534166677083962,local,mooc-platform-grafana-1,6.78,478.9,3734.5,12.82,0.18,0.03,1821.52,17.45,
1790534166677083962,local,mooc-platform-postgres-1,0.65,45.6,3734.5,1.22,0.63,0.43,54.65,24.89,
1790534166677083962,local,mooc-platform-redis-1,15.63,17.2,3734.5,0.46,4.58,1.19,62.94,5.70,
1790534166677083962,local,mooc-platform-jaeger-1,34.94,39.8,3734.5,1.07,0.62,0.03,131.61,0.50,
1790534166677083962,local,mooc-platform-minio-1,0.05,210.1,3734.5,5.63,286.10,134.47,391.01,307.08,
1790534166677083962,local,mooc-platform-mailpit-1,0.00,29.9,3734.5,0.80,0.00,0.00,50.35,0.77,
1790534166677083962,local,mooc-platform-prometheus-1,9.01,84.1,3734.5,2.25,0.99,0.15,246.05,3.11,
1790534166677083962,local,host,30.9,2057.5,3734.6,55.1,453.45,7.65,15726.36,9978.38,1
1790534174411609081,local,mooc-platform-worker-1,0.16,107.6,3734.5,2.88,123.98,229.84,557.90,259.40,
1790534174411609081,local,mooc-platform-api-1,12.44,39.8,3734.5,1.07,0.87,2.22,98.23,0.21,
1790534174411609081,local,mooc-platform-grafana-1,22.35,515.8,3734.5,13.81,0.18,0.03,1859.66,17.45,
1790534174411609081,local,mooc-platform-postgres-1,0.05,44.9,3734.5,1.20,0.63,0.43,54.65,24.89,
1790534174411609081,local,mooc-platform-redis-1,0.79,14.7,3734.5,0.39,4.63,1.21,62.94,5.72,
1790534174411609081,local,mooc-platform-jaeger-1,0.02,40.1,3734.5,1.07,0.62,0.03,131.61,0.50,
1790534174411609081,local,mooc-platform-minio-1,13.02,215.8,3734.5,5.78,286.10,136.38,392.91,307.08,
1790534174411609081,local,mooc-platform-mailpit-1,0.00,29.1,3734.5,0.78,0.00,0.00,50.35,0.77,
1790534174411609081,local,mooc-platform-prometheus-1,0.22,86.5,3734.5,2.32,1.00,0.15,249.86,3.11,
1790534174411609081,local,host,17.7,2068.7,3734.6,55.4,453.45,7.65,15783.78,9978.57,1
1790534182745707330,local,mooc-platform-worker-1,0.09,103.9,3734.5,2.78,123.98,229.84,557.90,259.40,
1790534182745707330,local,mooc-platform-api-1,0.02,38.4,3734.5,1.03,0.87,2.22,98.23,0.21,
1790534182745707330,local,mooc-platform-grafana-1,5.70,521.5,3734.5,13.96,0.18,0.03,1878.74,17.74,
1790534182745707330,local,mooc-platform-postgres-1,6.50,45.0,3734.5,1.21,0.63,0.43,54.65,25.08,
1790534182745707330,local,mooc-platform-redis-1,4.48,14.8,3734.5,0.39,4.66,1.23,62.94,5.73,
1790534182745707330,local,mooc-platform-jaeger-1,0.02,38.2,3734.5,1.02,0.62,0.03,131.61,0.52,
1790534182745707330,local,mooc-platform-minio-1,0.10,219.1,3734.5,5.87,286.10,138.28,394.82,307.08,
1790534182745707330,local,mooc-platform-mailpit-1,0.00,29.8,3734.5,0.80,0.00,0.00,50.35,0.78,
1790534182745707330,local,mooc-platform-prometheus-1,0.37,83.7,3734.5,2.24,1.00,0.15,249.86,3.11,
1790534182745707330,local,host,22.5,2049.5,3734.6,54.9,453.45,7.65,15817.99,9980.95,1
1790534190635853184,local,mooc-platform-worker-1,0.17,103.5,3734.5,2.77,123.98,229.84,557.90,259.40,
1790534190635853184,local,mooc-platform-api-1,0.00,38.9,3734.5,1.04,0.87,2.23,98.23,0.21,
1790534190635853184,local,mooc-platform-grafana-1,1.11,522.2,3734.5,13.98,0.18,0.03,1878.74,17.74,
1790534190635853184,local,mooc-platform-postgres-1,0.00,44.2,3734.5,1.18,0.63,0.43,54.65,25.08,
1790534190635853184,local,mooc-platform-redis-1,0.48,15.0,3734.5,0.40,4.70,1.24,63.04,5.75,
1790534190635853184,local,mooc-platform-jaeger-1,0.03,38.2,3734.5,1.02,0.62,0.03,131.61,0.52,
1790534190635853184,local,mooc-platform-minio-1,5.93,223.5,3734.5,5.99,286.10,140.19,397.68,307.08,
1790534190635853184,local,mooc-platform-mailpit-1,0.00,28.9,3734.5,0.77,0.00,0.00,50.35,0.78,
1790534190635853184,local,mooc-platform-prometheus-1,0.40,85.5,3734.5,2.29,1.00,0.15,250.82,3.13,
1790534190635853184,local,host,12.6,2047.2,3734.6,54.8,453.45,7.65,15822.41,9981.27,1
1790534197121283281,local,mooc-platform-worker-1,56.83,105.4,3734.5,2.82,123.98,229.84,557.90,259.40,
1790534197121283281,local,mooc-platform-api-1,0.06,38.4,3734.5,1.03,0.87,2.23,98.23,0.21,
1790534197121283281,local,mooc-platform-grafana-1,1.82,521.7,3734.5,13.97,0.18,0.03,1878.74,17.74,
1790534197121283281,local,mooc-platform-postgres-1,0.00,44.4,3734.5,1.19,0.63,0.43,54.65,25.08,
1790534197121283281,local,mooc-platform-redis-1,0.74,14.8,3734.5,0.40,4.75,1.26,63.04,5.77,
1790534197121283281,local,mooc-platform-jaeger-1,0.02,38.2,3734.5,1.02,0.62,0.03,131.61,0.52,
1790534197121283281,local,mooc-platform-minio-1,0.06,226.7,3734.5,6.07,286.10,142.10,398.64,307.08,
1790534197121283281,local,mooc-platform-mailpit-1,0.00,29.8,3734.5,0.80,0.00,0.00,50.35,0.78,
1790534197121283281,local,mooc-platform-prometheus-1,11.40,85.7,3734.5,2.29,1.01,0.15,250.82,3.13,
1790534197121283281,local,host,8.0,2040.0,3734.6,54.6,453.45,7.65,15828.30,9982.07,1
1790534204385745893,local,mooc-platform-worker-1,0.28,102.8,3734.5,2.75,123.98,229.84,557.90,259.40,
1790534204385745893,local,mooc-platform-api-1,4.51,39.6,3734.5,1.06,0.88,2.26,98.23,0.21,
1790534204385745893,local,mooc-platform-grafana-1,1.61,525.2,3734.5,14.06,0.18,0.03,1888.28,17.93,
1790534204385745893,local,mooc-platform-postgres-1,10.21,45.1,3734.5,1.21,0.63,0.43,54.65,25.18,
1790534204385745893,local,mooc-platform-redis-1,2.96,15.5,3734.5,0.42,4.79,1.28,63.04,5.79,
1790534204385745893,local,mooc-platform-jaeger-1,0.04,38.1,3734.5,1.02,0.62,0.03,131.61,0.53,
1790534204385745893,local,mooc-platform-minio-1,58.47,240.2,3734.5,6.43,288.96,150.68,409.13,309.94,
1790534204385745893,local,mooc-platform-mailpit-1,0.00,28.9,3734.5,0.77,0.00,0.00,50.35,0.78,
1790534204385745893,local,mooc-platform-prometheus-1,2.76,85.3,3734.5,2.29,1.01,0.15,250.82,3.13,
1790534204385745893,local,host,13.0,2011.9,3734.6,53.9,453.45,7.65,15847.95,9987.18,1
1790534212203664602,local,mooc-platform-worker-1,107.29,132.2,3734.5,3.54,128.75,229.84,563.62,259.40,
1790534212203664602,local,mooc-platform-api-1,0.01,36.7,3734.5,0.98,0.89,2.29,98.23,0.21,
1790534212203664602,local,mooc-platform-grafana-1,5.88,522.9,3734.5,14.00,0.18,0.03,1888.28,17.93,
1790534212203664602,local,mooc-platform-postgres-1,0.02,44.0,3734.5,1.18,0.64,0.44,54.65,25.27,
1790534212203664602,local,mooc-platform-redis-1,0.46,14.2,3734.5,0.38,4.83,1.30,63.04,5.82,
1790534212203664602,local,mooc-platform-jaeger-1,0.53,39.3,3734.5,1.05,0.63,0.03,131.61,0.54,
1790534212203664602,local,mooc-platform-minio-1,0.00,250.7,3734.5,6.71,288.96,164.99,411.03,309.94,
1790534212203664602,local,mooc-platform-mailpit-1,0.00,29.8,3734.5,0.80,0.00,0.00,50.35,0.78,
1790534212203664602,local,mooc-platform-prometheus-1,2.72,84.4,3734.5,2.26,1.01,0.15,250.82,3.13,
1790534212203664602,local,host,34.3,2044.2,3734.6,54.7,453.45,7.65,15858.79,9989.34,1
179053421981385544,local,mooc-platform-worker-1,307.82,309.9,3734.5,8.30,128.75,229.84,563.62,260.35,
179053421981385544,local,mooc-platform-api-1,352.09,34.3,3734.5,0.92,0.90,2.30,100.14,0.22,
179053421981385544,local,mooc-platform-grafana-1,38.36,450.0,3734.5,12.05,0.18,0.03,1897.81,19.93,
179053421981385544,local,mooc-platform-postgres-1,1.70,40.8,3734.5,1.09,0.64,0.44,54.65,25.84,
179053421981385544,local,mooc-platform-redis-1,1.40,13.5,3734.5,0.36,4.88,1.32,63.04,5.90,
179053421981385544,local,mooc-platform-jaeger-1,0.09,32.8,3734.5,0.88,0.64,0.03,131.61,0.68,
179053421981385544,local,mooc-platform-minio-1,72.65,228.6,3734.5,6.12,288.96,166.89,415.80,309.94,
179053421981385544,local,mooc-platform-mailpit-1,0.00,24.1,3734.5,0.64,0.00,0.00,50.35,0.83,
179053421981385544,local,mooc-platform-prometheus-1,11.31,76.4,3734.5,2.04,1.02,0.16,253.68,3.19,
179053421981385544,local,host,40.8,2238.1,3734.6,59.9,453.45,7.65,15884.34,10009.98,1
179053422946024170,local,mooc-platform-worker-1,378.12,400.6,3734.5,10.73,128.75,229.84,566.48,262.26,
179053422946024170,local,mooc-platform-api-1,0.00,34.8,3734.5,0.93,0.90,2.31,101.09,0.22,
179053422946024170,local,mooc-platform-grafana-1,60.94,467.0,3734.5,12.50,0.18,0.03,1916.89,20.22,
179053422946024170,local,mooc-platform-postgres-1,0.00,42.5,3734.5,1.14,0.64,0.45,55.22,25.84,
179053422946024170,local,mooc-platform-redis-1,3.43,16.9,3734.5,0.45,4.93,1.34,69.24,5.93,
179053422946024170,local,mooc-platform-jaeger-1,0.07,30.1,3734.5,0.81,0.64,0.03,131.61,0.75,
179053422946024170,local,mooc-platform-minio-1,0.93,244.4,3734.5,6.54,288.96,172.62,430.11,309.94,
179053422946024170,local,mooc-platform-mailpit-1,16.94,30.6,3734.5,0.82,0.00,0.00,53.88,0.83,
179053422946024170,local,mooc-platform-prometheus-1,6.50,77.7,3734.5,2.08,1.02,0.16,255.58,3.19,
179053422946024170,local,host,62.5,2306.0,3734.6,61.7,453.47,7.66,16014.54,10024.31,1
1790534237696758506,local,mooc-platform-worker-1,397.01,383.1,3734.5,10.26,128.75,229.84,569.34,263.21,
1790534237696758506,local,mooc-platform-api-1,157.17,37.9,3734.5,1.02,0.91,2.33,108.72,0.25,
1790534237696758506,local,mooc-platform-grafana-1,228.54,426.9,3734.5,11.43,0.18,0.03,1974.11,23.37,
1790534237696758506,local,mooc-platform-postgres-1,0.00,37.6,3734.5,1.01,0.65,0.45,55.31,26.70,
1790534237696758506,local,mooc-platform-redis-1,20.09,13.9,3734.5,0.37,5.00,1.37,70.00,6.19,
1790534237696758506,local,mooc-platform-jaeger-1,29.52,30.5,3734.5,0.82,0.64,0.03,135.42,0.83,
1790534237696758506,local,mooc-platform-minio-1,1.40,215.0,3734.5,5.76,288.96,176.43,440.60,310.90,
1790534237696758506,local,mooc-platform-mailpit-1,0.27,22.4,3734.5,0.60,0.00,0.00,53.88,0.95,
1790534237696758506,local,mooc-platform-prometheus-1,15.93,73.4,3734.5,1.96,1.03,0.16,265.12,3.42,
1790534237696758506,local,host,65.7,2303.4,3734.6,61.7,453.47,7.66,16205.38,10048.97,1
1790534248922336493,local,mooc-platform-worker-1,342.72,383.8,3734.5,10.28,128.75,229.84,578.88,275.61,
1790534248922336493,local,mooc-platform-api-1,20.84,37.2,3734.5,1.00,0.91,2.34,109.67,0.25,
1790534248922336493,local,mooc-platform-grafana-1,8.08,425.3,3734.5,11.39,0.18,0.03,1974.11,23.56,
1790534248922336493,local,mooc-platform-postgres-1,0.00,39.9,3734.5,1.07,0.65,0.45,56.84,26.70,
1790534248922336493,local,mooc-platform-redis-1,1.36,14.4,3734.5,0.38,5.04,1.39,70.00,6.21,
1790534248922336493,local,mooc-platform-jaeger-1,0.09,40.5,3734.5,1.08,0.65,0.03,146.87,0.84,
1790534248922336493,local,mooc-platform-minio-1,27.80,228.0,3734.5,6.11,288.96,182.15,454.90,310.90,
1790534248922336493,local,mooc-platform-mailpit-1,0.00,29.4,3734.5,0.79,0.00,0.00,57.98,0.95,
1790534248922336493,local,mooc-platform-prometheus-1,1.18,82.7,3734.5,2.21,1.03,0.16,274.66,3.67,
1790534248922336493,local,host,62.0,2241.8,3734.6,60.0,453.47,7.66,16284.43,10050.08,1
1790534257285224758,local,mooc-platform-worker-1,115.89,259.4,3734.5,6.95,128.75,229.84,618.93,275.61,
1790534257285224758,local,mooc-platform-api-1,0.35,35.7,3734.5,0.96,0.92,2.35,109.67,0.25,
1790534257285224758,local,mooc-platform-grafana-1,24.26,425.8,3734.5,11.40,0.18,0.03,1974.11,23.56,
1790534257285224758,local,mooc-platform-postgres-1,3.69,42.4,3734.5,1.14,0.65,0.45,56.84,26.70,
1790534257285224758,local,mooc-platform-redis-1,2.29,14.4,3734.5,0.38,5.10,1.42,70.10,6.23,
1790534257285224758,local,mooc-platform-jaeger-1,0.02,41.0,3734.5,1.10,0.65,0.03,146.87,0.84,
1790534257285224758,local,mooc-platform-minio-1,7.31,229.6,3734.5,6.15,288.96,185.97,456.81,310.90,
1790534257285224758,local,mooc-platform-mailpit-1,0.00,29.6,3734.5,0.79,0.00,0.00,57.98,0.95,
1790534257285224758,local,mooc-platform-prometheus-1,2.91,82.9,3734.5,2.22,1.04,0.16,274.66,3.67,
1790534257285224758,local,host,18.7,2174.7,3734.6,58.2,453.47,7.66,16335.54,10050.28,1
1790534265652367431,local,mooc-platform-worker-1,370.07,301.6,3734.5,8.08,128.75,229.84,618.93,275.61,
1790534265652367431,local,mooc-platform-api-1,10.23,37.0,3734.5,0.99,0.93,2.36,109.67,0.25,
1790534265652367431,local,mooc-platform-grafana-1,2.13,425.3,3734.5,11.39,0.18,0.03,1974.11,23.56,
1790534265652367431,local,mooc-platform-postgres-1,9.81,42.1,3734.5,1.13,0.65,0.45,59.41,26.89,
1790534265652367431,local,mooc-platform-redis-1,1.39,14.3,3734.5,0.38,5.14,1.43,70.10,6.25,
1790534265652367431,local,mooc-platform-jaeger-1,0.04,40.2,3734.5,1.08,0.65,0.03,146.87,0.84,
1790534265652367431,local,mooc-platform-minio-1,3.32,237.3,3734.5,6.35,288.96,187.87,463.49,310.90,
1790534265652367431,local,mooc-platform-mailpit-1,0.00,30.2,3734.5,0.81,0.00,0.00,58.08,0.95,
1790534265652367431,local,mooc-platform-prometheus-1,0.29,85.3,3734.5,2.28,1.04,0.16,277.52,3.67,
1790534265652367431,local,host,40.5,2208.7,3734.6,59.1,453.47,7.66,16365.82,10051.61,1
1790534272105061062,local,mooc-platform-worker-1,425.45,265.3,3734.5,7.10,142.10,229.84,619.89,291.82,
1790534272105061062,local,mooc-platform-api-1,0.71,36.5,3734.5,0.98,0.94,2.38,109.67,0.25,
1790534272105061062,local,mooc-platform-grafana-1,1.81,426.7,3734.5,11.42,0.18,0.03,1983.64,23.75,
1790534272105061062,local,mooc-platform-postgres-1,0.23,42.2,3734.5,1.13,0.66,0.46,59.41,26.99,
1790534272105061062,local,mooc-platform-redis-1,0.91,14.3,3734.5,0.38,5.18,1.45,70.10,6.28,
1790534272105061062,local,mooc-platform-jaeger-1,1.69,40.5,3734.5,1.08,0.67,0.03,146.87,0.84,
1790534272105061062,local,mooc-platform-minio-1,0.08,246.1,3734.5,6.59,295.64,205.99,465.39,317.57,
1790534272105061062,local,mooc-platform-mailpit-1,0.00,29.2,3734.5,0.78,0.00,0.00,58.08,0.96,
1790534272105061062,local,mooc-platform-prometheus-1,0.55,86.8,3734.5,2.32,1.04,0.16,279.43,3.71,
1790534272105061062,local,host,42.9,2173.3,3734.6,58.2,453.47,7.66,16386.91,10076.31,1
1790534279491301925,local,mooc-platform-worker-1,9.79,114.4,3734.5,3.06,142.10,273.70,626.56,312.81,
1790534279491301925,local,mooc-platform-api-1,6.52,37.3,3734.5,1.00,0.95,2.40,110.63,0.25,
1790534279491301925,local,mooc-platform-grafana-1,10.66,420.5,3734.5,11.26,0.18,0.03,1983.64,23.94,
1790534279491301925,local,mooc-platform-postgres-1,0.98,41.5,3734.5,1.11,0.67,0.47,59.41,27.08,
1790534279491301925,local,mooc-platform-redis-1,0.90,14.3,3734.5,0.38,5.23,1.47,70.10,6.32,
1790534279491301925,local,mooc-platform-jaeger-1,0.12,39.2,3734.5,1.05,0.67,0.03,146.87,0.84,
1790534279491301925,local,mooc-platform-minio-1,16.04,257.0,3734.5,6.88,339.51,209.81,468.25,361.44,
1790534279491301925,local,mooc-platform-mailpit-1,0.00,29.4,3734.5,0.79,0.00,0.00,58.08,0.98,
1790534279491301925,local,mooc-platform-prometheus-1,0.44,85.4,3734.5,2.29,1.05,0.16,279.43,3.74,
1790534279491301925,local,host,34.4,2000.7,3734.6,53.6,453.47,7.67,16414.30,10150.43,1
1790534287307385030,local,mooc-platform-worker-1,0.13,114.2,3734.5,3.06,142.10,273.70,626.56,312.81,
1790534287307385030,local,mooc-platform-api-1,0.47,36.4,3734.5,0.98,0.95,2.41,110.63,0.25,
1790534287307385030,local,mooc-platform-grafana-1,154.47,507.2,3734.5,13.58,0.19,0.21,2126.69,24.03,
1790534287307385030,local,mooc-platform-postgres-1,0.92,41.2,3734.5,1.10,0.67,0.47,59.41,27.08,
1790534287307385030,local,mooc-platform-redis-1,0.54,14.1,3734.5,0.38,5.29,1.50,70.19,6.34,
1790534287307385030,local,mooc-platform-jaeger-1,0.05,39.3,3734.5,1.05,0.68,0.04,146.87,0.84,
1790534287307385030,local,mooc-platform-minio-1,0.09,258.8,3734.5,6.93,339.51,211.72,470.16,361.44,
1790534287307385030,local,mooc-platform-mailpit-1,0.00,28.8,3734.5,0.77,0.00,0.00,58.08,0.98,
1790534287307385030,local,mooc-platform-prometheus-1,19.45,88.7,3734.5,2.38,1.05,0.16,282.29,3.74,
1790534287307385030,local,host,28.5,1787.8,3734.6,47.9,453.47,7.67,16571.10,10150.83,1
1790534299894367103,local,mooc-platform-worker-1,0.24,115.2,3734.5,3.08,142.10,273.70,626.56,312.81,
1790534299894367103,local,mooc-platform-api-1,0.00,36.8,3734.5,0.98,0.95,2.41,110.63,0.25,
1790534299894367103,local,mooc-platform-grafana-1,1.33,566.1,3734.5,15.16,0.19,0.21,2212.52,24.03,
1790534299894367103,local,mooc-platform-postgres-1,0.00,41.8,3734.5,1.12,0.67,0.47,59.41,27.08,
1790534299894367103,local,mooc-platform-redis-1,0.55,13.5,3734.5,0.36,5.34,1.52,70.19,6.35,
1790534299894367103,local,mooc-platform-jaeger-1,0.03,39.3,3734.5,1.05,0.68,0.04,146.87,0.84,
1790534299894367103,local,mooc-platform-minio-1,0.02,259.1,3734.5,6.94,339.51,211.72,470.16,361.44,
1790534299894367103,local,mooc-platform-mailpit-1,0.00,29.3,3734.5,0.78,0.00,0.00,58.08,0.98,
1790534299894367103,local,mooc-platform-prometheus-1,0.39,88.0,3734.5,2.36,1.05,0.16,282.29,3.74,
1790534299894367103,local,host,29.1,1805.0,3734.6,48.3,453.47,7.67,16660.33,10151.05,1
